term,component_1,component_2
foreign language,-0.5622095061267052,-0.2662577179877912
counseling,-0.5257650324841936,0.02850514193622668
high school,-0.5154050466757004,-0.10233723088046366
english language,-0.5152496206891712,-0.1920183033534526
parents,-0.5149765426475567,0.051189004898259546
youth,-0.4827956883856728,-0.018884229277971364
qualitative research,-0.47885125623510344,-0.15465346682378353
school,-0.47865050584772606,-0.07835925148701317
beliefs,-0.4772072899407987,-0.0020150417446678057
sexual,-0.4694671858241378,0.22883762609758218
attitudes,-0.4622731315836674,-0.06731996713476938
structured interviews,-0.44872374670503085,-0.1634752983099404
competence,-0.4453888679778706,-0.18460892827360753
child,-0.44294655293905344,0.1139199505627011
communicative,-0.43703105597275704,-0.1880274495793802
gender,-0.43674709926592825,0.10301963795873396
elementary,-0.4359714413921841,-0.10142368351578808
women,-0.43523667293810164,0.2102519843917453
career,-0.4292379816452263,-0.14026382044285995
faculty,-0.4248365021226136,-0.13355309480408808
foreign,-0.4239108672573302,-0.13905932480755523
english,-0.41691005528335795,-0.10754702505912009
speaking,-0.41453343247564506,-0.07309472483671438
undergraduate,-0.4142007551647898,-0.15095894468042667
college,-0.4132588062809062,0.00012421528543696717
children,-0.4109219691913951,0.13274787798098653
female,-0.41064047214871063,0.3055311269842435
norms,-0.4096509740309487,-0.08809272630437147
researcher,-0.40891653907957903,-0.06444716545356798
leaders,-0.4083360933071492,-0.17516100193362086
teaching,-0.4078501940031276,-0.2180227070242742
institution,-0.4068399192425068,-0.11183691766781644
universities,-0.4060159106852745,-0.2009052246113834
books,-0.4059331473688568,-0.1135768716297131
leadership,-0.4057021688342977,-0.1917406212999652
students,-0.40325235955875327,-0.1783793203473607
perceptions,-0.4032031854025439,-0.13175689876762756
penelitian,-0.3995063171708293,-0.05857894937182707
hasil,-0.3975061218321159,-0.05660090501659137
instructional,-0.3966286893701894,-0.25469387591148324
writing,-0.39531587322584805,-0.14488462224912796
learners,-0.39405534822058463,-0.255141041923565
family,-0.3933880089013044,0.12639425260297696
families,-0.391544624446094,0.1415644766224856
discourse,-0.3914884008771607,-0.1589118556809299
inquiry,-0.3907626649902938,-0.15910861434975493
mental health,-0.3893337336559706,0.07866701361039363
anxiety,-0.38846318373686745,0.15264187161373727
education,-0.38824262719859637,-0.1673868994804363
administered,-0.38772574065193105,0.20130703698991545
student,-0.3873810931045297,-0.20544304907238387
menggunakan,-0.38624214108863253,-0.07133229138606402
semiotic,-0.3850644991395129,-0.13632409037554594
attitude,-0.38437062650688975,-0.020454435290145297
meanings,-0.3821861303007817,-0.07707792049481181
academic,-0.38126387981800214,-0.1918182165104716
spanish,-0.3810403285962646,0.02458973389923271
participated,-0.3790105118305799,0.08227394424001136
linguistics,-0.37829092768678524,-0.1204193805724635
cultural,-0.3777745165772999,-0.13101404906123001
sex,-0.3766053958320078,0.4330514080537208
male,-0.37396516287684506,0.3745789842824518
aged,-0.3732719483201706,0.3109674716829493
personality,-0.37303669281417673,-0.017305047555095033
achievement,-0.3727094202211752,-0.10048649195555152
instruction,-0.37185076092327846,-0.2173837614203398
research method,-0.37072996118750945,-0.11945759333854472
book,-0.3702360506416554,-0.05668518629117302
responsibility,-0.369845205842076,-0.14513580045004326
african,-0.36941059575468804,0.10272485340147498
professional,-0.3683885932785116,-0.14405895023248907
rights,-0.3682782564412438,-0.09539606029117959
indonesian,-0.36655002683172516,-0.12225082500774939
oral,-0.36650765967634763,0.2806250840251257
females,-0.3664325833785071,0.5298875213823357
ethics,-0.36620787783455844,-0.16596546543768004
covid pandemic,-0.36561993372325546,-0.06449003697194214
scholars,-0.3634335152993973,-0.11251335532794353
males,-0.36335423692881613,0.5297250536523123
courses,-0.3624293921378678,-0.2011138071312882
skills,-0.36164954254240483,-0.19666007699743457
health care,-0.36162369797538796,0.15439226900885117
educational,-0.36030483023526627,-0.21780660756617792
grammar,-0.3597389261873414,-0.1297613393145972
vocabulary,-0.3585513734803841,-0.1466401624373955
institutional,-0.3572260929682369,-0.1788089393958806
young,-0.3560455820765073,0.10561406418597127
discussions,-0.3552847989415285,-0.12854087826580574
psychological,-0.3552293436222947,0.014871064280577056
participate,-0.35462907178253184,-0.04048591027034891
members,-0.3544299248857411,-0.006742541487470163
demographic,-0.35435754574609113,0.16061607921080198
participation,-0.35368348223942714,-0.1308317763777435
socio,-0.3535903586779634,-0.03641360797758356
russian,-0.3517389047946697,-0.010033250127906115
narrative,-0.35119361840315305,-0.10195641445830242
texts,-0.3511727313839731,-0.10666334667742722
depression,-0.3506462113116184,0.3467566034162207
american,-0.34766477195828044,0.10507373560296837
culture,-0.34756058652286903,0.03577829995652588
arabic,-0.34723715825030455,-0.09632565008367683
discipline,-0.3458540781914981,-0.1550742957136632
physiotherapy,-0.3402195740523324,0.4738654417104085
staff,-0.3401656781882095,-0.06724266321394581
pragmatic,-0.3401427518392593,-0.10405827631699288
disability,-0.3394765577266349,0.1496763791152367
institutions,-0.33929166318099996,-0.19741503668871485
argues,-0.3389977773229409,-0.1128958817817901
mathematics,-0.33816362409749695,-0.1721621036915113
university,-0.3380385645564206,-0.05092985718935776
pandemic,-0.3375317485921046,-0.058722879856852886
motivation,-0.33565095702449155,-0.195000467041572
linguistic,-0.335611809785799,-0.09174499485854583
french,-0.33425922230642185,0.06331762719274615
reading,-0.33396110290761505,-0.08322151279911971
opinions,-0.33154572305849056,-0.08434940618862448
meaning,-0.33093200625555835,-0.06803585846766971
employment,-0.3303701610263508,-0.053091610749759335
village,-0.32820193013223725,0.053252587722820106
legal,-0.3281583942128374,-0.11880287020547972
cultures,-0.3280292535659037,0.21775304312365473
philosophy,-0.32727395063798836,-0.12039031482069608
district,-0.3269162426754069,0.11172435665990578
sciences,-0.3265898111755919,-0.026691615231015264
programme,-0.3258351872000009,0.041307787504098005
promotion,-0.32542750576656665,-0.04592973943642878
findings study,-0.3247945214022744,-0.057224617197797596
involvement,-0.32459926144072426,-0.07715717365403209
nigeria,-0.3243408981622867,0.18219380619409836
story,-0.32416906513685884,-0.044440901278595325
income,-0.32331396130941253,0.09141146724812174
speakers,-0.3232874004724602,-0.022730358861309027
grade,-0.32200636219850803,0.02238993244160806
learning process,-0.32180884245844815,-0.2808830213930399
adult,-0.32159377352212754,0.302975416472667
social,-0.31939802432052194,-0.1091233586779285
care,-0.31772516476743673,0.14712996711687368
century,-0.3156771822754557,-0.011147037514049073
thinking,-0.31523181852716564,-0.22176167657561668
control group,-0.3139930792052411,0.35912554221062154
united states,-0.3135589393927154,0.09428408751560007
covid,-0.3130201735326104,-0.025098190794021577
peer,-0.3128260847995125,-0.1511442770244155
engage,-0.3125582607104636,-0.20575564662928883
analyzed using,-0.31124313725709113,0.08133798749197697
readers,-0.3109134009866091,-0.10642333626662955
identity,-0.310685130262417,-0.10239828544607943
society,-0.31063743107935715,-0.07761425702011426
engaged,-0.3097983209903091,-0.10912509810349098
views,-0.3089819587798516,-0.09654259512487597
adults,-0.30880516240477146,0.25127929524717485
written,-0.3076757381197309,-0.043789441350562716
lexical,-0.30699482550722607,-0.026918640310381263
articles,-0.30588681765534315,-0.09145433358311665
government,-0.30555529231092304,-0.06640149161915715
evidence based,-0.3049677123103747,0.05856599188710154
inclusive,-0.3045786407451744,-0.3027178848979189
purpose study,-0.3042991329713222,0.0353531145668175
systemic,-0.3040892781314599,0.03945795567293645
programs,-0.30269207373590934,-0.06078591434927851
creativity,-0.30240245519871284,-0.2923634478915607
united,-0.30209980097271455,0.06491961712769438
foster,-0.3018099493060109,-0.294371213117479
department,-0.30157263575096976,0.0943625087821756
questions,-0.3004856875392967,-0.054326553569648425
lessons,-0.29951758823722463,-0.18434758304574111
course,-0.29740905537668166,-0.05504618963462184
psychology,-0.2966276427731537,-0.10206748283695902
research conducted,-0.29555883031638136,-0.017977615792747554
documentation,-0.2955122326569713,-0.11739201125399365
country,-0.29482552946536933,0.018770595845160547
consisted,-0.29432472452865427,0.18123087148469347
employees,-0.29393986054315546,-0.155441309600919
older,-0.2935060191001377,0.1938921192275504
indonesia,-0.29289137392696707,-0.08890927021145921
encourage,-0.2922667297326176,-0.12965002205806644
took,-0.2920761434816165,0.09051655540472696
federal,-0.2908926091243949,0.04933721042031639
chapter,-0.29053759746910046,-0.010739666135798555
barriers,-0.28918510399850833,-0.1379522043012797
mental,-0.2877254387172552,0.060774840621627815
africa,-0.28767636559035464,0.12135299366581512
german,-0.287578617409518,0.029760116255912492
age,-0.28715552798330823,0.2676141797451527
languages,-0.28695603391139274,-0.12130826142666218
creative,-0.285869254026756,-0.23260343020295735
provision,-0.28483768213633975,-0.03844565755445217
gamification,-0.2828527737150823,-0.3688957381032342
community,-0.2826445964011292,0.007111908055080229
hospital,-0.2808589622125308,0.4936159018939364
interests,-0.28072954917560256,-0.12430512979457584
workers,-0.28058911519072,0.017950236794504894
publication,-0.2804114969612499,-0.02558669833605065
verbal,-0.2795667511805574,-0.01511230871489495
adherence,-0.2792147378216272,0.20605038250553764
professionals,-0.2791165747611336,-0.09535280181177526
initiatives,-0.27796239152075214,-0.2115358520492523
national,-0.2774053734076611,0.03643701342891023
conflict,-0.27573933888633556,-0.004024940158650057
roles,-0.27544674674155534,-0.07475474942156532
rural,-0.2753244237587503,0.029088388293533867
clinical practice,-0.27526579474044544,0.3062617234918636
crisis,-0.2750747337712532,-0.03539355570062078
job,-0.2749852591836152,-0.10544490097913436
audience,-0.27473689127259837,-0.19995216494179205
perceived,-0.27472740930979533,-0.07879540837653874
personal,-0.2742305988133053,-0.10652611135899658
secondary,-0.27288258228572465,0.08798680236739816
employee,-0.2727348053842686,-0.2120527848541308
asked,-0.27050505228747845,0.06142656231302249
held,-0.26967182526206007,0.01774053260209359
strengthening,-0.2685305073692434,-0.11942873549653137
symptoms,-0.26845671614829725,0.49525285346310954
significant difference,-0.26823670628952406,0.3997153193427615
experiences,-0.2678414961782846,-0.2126571857468683
expectations,-0.2677826584295886,-0.14138688847818026
engaging,-0.2672100721673675,-0.26841725803438404
persons,-0.2669702254051462,0.06297949093484866
old,-0.26581360714274493,0.28565835442586923
collective,-0.26539208900377675,-0.10496734035262255
pain,-0.2653006847269769,0.49756591270279354
semi,-0.26457700308653403,-0.032671179145797695
awareness,-0.26138886559482505,-0.11542140768936503
policies,-0.26136024908666217,-0.09948236970054175
history,-0.2613584272587292,0.09283056301013867
study used,-0.2603387998909132,0.07058351522537527
instrument,-0.2603338477207704,0.03862837216406126
fostering,-0.2593449834151138,-0.36158035254141985
emotional,-0.2582369130478548,-0.09291034927296941
actors,-0.25734095333942897,-0.15677324556157937
week,-0.25666278334464804,0.35041789747644797
read,-0.2562076368224386,-0.04807333667995011
public health,-0.2561962616478455,0.37275122813009964
originality value,-0.2561104523818203,-0.25447573647693245
news,-0.2560611520702201,-0.13881181318621158
inclusion,-0.2558758836054187,0.00922118089412799
methodology approach,-0.2558713236463486,-0.25165520708857636
policy,-0.2557338160962951,-0.1007664009996565
positively,-0.2551119586963812,0.00805913530267596
reflection,-0.2549158419222961,-0.10642615946064918
drawing,-0.2548785521719127,-0.19253809731748656
countries,-0.2543212208989338,0.043191462450400314
dialogue,-0.25431623767273376,-0.1973873465836058
communities,-0.2542809490122007,0.025984375645895962
statistics,-0.25417703511726114,0.038206165491178
engagement,-0.25412903497468703,-0.30802788664245667
majority,-0.2538382237396522,0.19117717774640008
seeking,-0.25337168897226175,-0.1444837402484552
disabilities,-0.25311876069301753,-0.14845000330270233
originality,-0.2531052425227433,-0.24056434294280418
social media,-0.25264824708821493,-0.2421688469590205
death,-0.25255062865885636,0.30766350442098994
formal,-0.25240861101749285,-0.10165953061893401
international,-0.25236168382409574,-0.05422424822843483
study conducted,-0.2518872363478749,0.2353674845306753
comprehension,-0.25187253352193445,-0.15110601246843883
thought,-0.2517053888837445,0.046572293806600724
know,-0.2510239198148663,-0.014477296627689444
organizational,-0.2507564482175843,-0.2326396192055329
shaping,-0.25068428148966265,-0.17674126140463306
residents,-0.2505065486190175,0.05327018735929159
grounded,-0.25034673940831,-0.2002559155621471
results study,-0.2496551069229569,0.0706987094526287
instruments,-0.24956192917290976,-0.005973234551851516
ideas,-0.24843625715725837,-0.1537145790082769
disciplines,-0.2481851554564069,-0.19683920997791324
administrative,-0.24760966960450487,-0.13215486355755957
skill,-0.24702011760024284,-0.154467738639078
abilities,-0.24637989944578334,-0.10354485048313881
doing,-0.24573611906271234,-0.09232764255902842
strengthen,-0.24544634853377903,-0.16470889888539636
study examines,-0.24521507555197367,-0.18700082839521523
answer,-0.24516869134135857,-0.058565097859800526
contemporary,-0.24438162434876398,-0.1596019556137045
question,-0.24424804533495828,-0.022184471038637577
methodological,-0.244086374061416,-0.09645163937539376
hospitals,-0.2437754146597394,0.33960395679287836
experienced,-0.24365926837188928,0.04723835294567388
publications,-0.2425738019852848,-0.09862152794611166
ethical,-0.24254773490907178,-0.28076751191371474
private,-0.24210954943347315,-0.08391027194619485
year,-0.24190126955458952,0.1730932962820934
chronic,-0.2401624997499562,0.4776945710601361
capital,-0.24013663371305624,-0.0667438605970535
therapy,-0.24003611937423172,0.5106995689298911
interested,-0.2399308813379148,-0.10294873161235005
recommended,-0.23988566876477557,0.17950285743594582
ways,-0.2397112936173043,-0.11540714905130406
reasons,-0.23958456232724015,0.051212711258349086
noted,-0.23893440212150568,0.16559943009745337
included,-0.23832711680987229,0.18652973857060157
groups,-0.2369445946318714,0.20606485873229183
concluded,-0.23686045925810525,0.12615580836833137
administration,-0.23611278099954877,0.0974393971929302
relations,-0.23557303923926978,-0.02921798409355578
promote,-0.23551037611224657,-0.10122575331037782
study uses,-0.23465309762477626,-0.10732328502549963
concludes,-0.2345260094681778,-0.21024100723674816
corporate,-0.23427194042166977,-0.22682839444095595
reviewed,-0.23370562399167097,-0.00207873784004951
native,-0.23363192241864025,0.04251507830712503
agency,-0.2324635629824998,-0.03278220593572663
associations,-0.23237697201366325,0.24793127035809315
findings reveal,-0.23144739591413496,-0.28163480826087484
completed,-0.23127918276070852,0.1525996991564051
quality life,-0.2310982457221479,0.2048040259141358
item,-0.23079375663476834,0.09264182164046027
media,-0.2305716512135465,-0.12374787819983749
regarding,-0.22974877303129743,0.02916501419712604
clinicians,-0.22962020101537717,0.24388604515758927
faced,-0.22926549538820787,-0.15581200130863546
contexts,-0.2281459965423565,-0.20083555230233513
western,-0.22759391123703082,0.1983592781944106
argue,-0.22736694934476975,-0.06751848944486756
topics,-0.2272347332818802,-0.15143329031935085
documents,-0.2267813331815875,-0.12532921051966653
organization,-0.22675095789329217,-0.06249293345359848
words,-0.22658331721360936,0.035276369584711496
design methodology,-0.2263501645400284,-0.24622628326355445
items,-0.22614982625323518,0.030868251337049298
keywords,-0.22612137119551165,0.0034267711438057914
stakeholders,-0.22584680324155532,-0.20770163602038172
policymakers,-0.22547090990007743,-0.2508491851162489
living,-0.22538077263912185,0.10678993972701217
sessions,-0.22521018754325217,0.04969011138961548
law,-0.22495778610988088,-0.006414661867925058
beginning,-0.22459518841929793,0.06211514781718213
heritage,-0.22432204130620664,-0.1935987406085061
team,-0.2241242373863817,-0.08399356952138283
list,-0.22409043623320857,-0.0034044607840671994
tourism,-0.2239968076211868,-0.18946640092211328
act,-0.22378531227791645,-0.004057707177311134
expressed,-0.22364068834936868,0.09384464991567215
style,-0.2229570365360895,-0.055448034793104
notion,-0.22240387274559006,-0.05650102053438976
south,-0.22236589227003256,0.18932333543506089
chinese,-0.2215514402703132,0.0014071954461346901
inform,-0.2213994856513979,-0.02830029221961318
health,-0.22093630873919368,0.20390865331394042
met,-0.220662334199751,0.12805383824003244
weeks,-0.2204158450083294,0.48693874356698313
public,-0.21970299188991319,-0.006666582753010854
language,-0.21848985122021367,-0.161857189699341
did,-0.2183653808258335,0.2860289892709711
express,-0.21821125216602072,-0.07813480512579718
self,-0.2181648537936213,0.008538172763943174
seeks,-0.21783651638032991,-0.16204629887286578
program,-0.21735204864922258,0.002321441835559742
providers,-0.21616613369739857,-0.07253231227623416
middle,-0.2156399958531918,0.15642533374328926
suggestions,-0.21556261536345514,-0.13128272236097102
examining,-0.21522518076043914,-0.08612444324408035
receive,-0.21493485420569103,-0.006123759203332839
interdisciplinary,-0.2149063492827887,-0.2269106285331568
lives,-0.21487955850527143,-0.07159412697184933
west,-0.21417350566859866,0.22863228994646587
concerning,-0.21415682218012758,0.022332697119258622
europe,-0.2141068509901623,0.0978232356341897
acute,-0.21230823819447045,0.5582490779565713
exercise,-0.21201616844325757,0.19317049401244055
aim study,-0.21177880581661918,0.3697260060629701
gathered,-0.21144271271345066,-0.0901977320212559
promoting,-0.21138498646450624,-0.12016899152494373
outside,-0.20995632333628478,0.0029616440039343913
cooperation,-0.20995026404494152,-0.14735417895214417
prevention,-0.20983776356335118,0.25447306460714403
disorder,-0.2096642789676126,0.34673554860432815
evidence,-0.2083799427702177,0.12110944276590162
sense,-0.2076932579037459,-0.08235540902214794
mind,-0.2076404828329997,-0.05673721352091779
corpus,-0.20709976123259752,-0.0756927575250807
person,-0.20699591430610365,-0.01602931146158093
regulations,-0.20660754860988,-0.0613327155254924
dietary,-0.20639288358900376,0.6530278593239984
forms,-0.2062646402116045,-0.007215410432330356
study investigated,-0.20586060219444377,0.24706883470870702
brief,-0.20574753267649037,0.02947279888704516
follow,-0.20569741501816471,0.16301102747897622
concerned,-0.20509924383593206,0.003289141438013782
aimed,-0.20464464134344543,0.139612921305237
character,-0.20458665349983968,-0.041365259377126685
qui,-0.20445248924123896,0.15852324730269293
place,-0.2043944332922875,0.0029175389553154334
continue,-0.20419208697989052,-0.05046030189263557
consequences,-0.2041742570741843,0.07473552518648147
practitioners,-0.20388604182735823,-0.1538002480540007
people,-0.20375294709598307,-0.03282869135996224
accordance,-0.20362887516639128,0.07421042835540997
months,-0.20344464730063283,0.38415561782480695
status,-0.20135144710323624,0.13841620760420933
medicine,-0.20129613330356813,0.2622889807935932
randomly,-0.20107837395841838,0.3845585521096958
organizations,-0.20061898300661005,-0.22254898989564997
institute,-0.20051156366670692,0.1741935379038747
offered,-0.20034514809008688,-0.07457226622927572
contributed,-0.2003031569103532,0.08067018478822656
difficulties,-0.20005609881442082,-0.10591458413083832
papers,-0.1997382186143652,-0.09387837167115394
managers,-0.1995537239556463,-0.16661570557487934
library,-0.19856487282395113,-0.16334121853380218
science,-0.19848103434636002,-0.11424003447218492
drawn,-0.19827728374140638,0.008109020054927859
functioning,-0.19705757910924973,0.06579294922911304
background,-0.19703949584826272,0.22978381187770974
reporting,-0.196561601683384,-0.0043591986440287556
topic,-0.19644609464084412,-0.10069268839334646
category,-0.19607597416325523,0.03591068160930879
disorders,-0.19496021704090336,0.35963346948048414
prepare,-0.19415956535987083,-0.0878704597244416
doi,-0.1920450797352911,0.03738051187144886
marketing,-0.1918407435619085,-0.2504393094425979
conceptual,-0.1917872483937267,-0.175787322459878
accepted,-0.1915285754653185,0.0805982043694504
acts,-0.19146640523350866,-0.03459468655990982
infection,-0.1913291156153157,1.0310393728125875
activities,-0.19092034044872586,-0.050045990146156925
come,-0.19053341562217962,-0.04517487437916239
european,-0.19015179159221673,0.07537837277227491
month,-0.18983588338421825,0.3856231519998463
significant differences,-0.18954807735635754,0.36123886425356655
knowledge,-0.18939635822316786,-0.08887146629605815
influenced,-0.18923076136529587,0.11200535641061538
surveys,-0.18922980968395667,-0.02544837920059299
financial,-0.18905555733356316,-0.1428919257294194
relation,-0.18899279411883116,0.08854954833356118
reflected,-0.18864671699254576,0.05541141931428269
post,-0.18789847919620975,0.13387519150460248
document,-0.18738524833746786,-0.12267734947959612
findings suggest,-0.1871094851830299,0.005019348478396431
drugs,-0.18701387271587933,0.7555621365452969
findings indicate,-0.18693973401777458,-0.1481579632258861
diet,-0.1868313644760092,0.746230179205293
opportunity,-0.1868255218947763,-0.08426229904817682
introduction,-0.18620803393865465,0.10400424041928938
opportunities,-0.18524564677119737,-0.2359207459349167
office,-0.18514219124020403,-0.03413970748240871
guidelines,-0.18488872652533372,0.12033828800456797
validity,-0.18461623055571272,0.044364548574381456
current study,-0.18422828415815287,0.22700486848351517
cancer,-0.18400389954962285,0.3985258168776493
involved,-0.18397822917644346,0.021182985000560043
intention,-0.1839176827338529,-0.14928262416588278
east,-0.18287386895757304,0.2224006951149696
giving,-0.18244716071107964,-0.019146991477907944
choices,-0.18218388081889336,-0.06929207055242241
province,-0.18211955392133888,0.22406706681127164
confidence,-0.18207105749971983,-0.035431381438251364
regard,-0.18190685561390887,0.03572792246342721
brand,-0.18146535604295222,-0.22850115653291345
translation,-0.1812262617652475,-0.11053131532505243
study explores,-0.1804573398915951,-0.2586073665130883
reflect,-0.18033923457819573,-0.0037763684460983137
explain,-0.1802873906139657,0.03714624395050855
therapeutic,-0.17997639610818575,0.4842963123823625
individuals,-0.17994275607393737,0.06784271326006219
historical,-0.17982197620378604,-0.04250371515230415
governance,-0.17966529555391747,-0.269939353764122
research aims,-0.1791442362892853,-0.19362688319366742
website,-0.17862687015233344,-0.20330934421484123
exam,-0.1783290209636866,-0.14922824111058347
patients,-0.17814408470245613,0.4671872887082972
received,-0.17791241520569526,0.16249151916580168
extent,-0.17777459227355488,0.08229637572606392
teams,-0.17769158974760418,-0.16726067882879964
emphasis,-0.17727072074991726,-0.09064887638767881
seen,-0.17662361273317603,0.09014861327195282
influences,-0.176375988269516,0.012181231200419012
adequate,-0.17615351741937418,0.0829197893281504
presentation,-0.17567791149083536,-0.06805273951844641
india,-0.17540850193124116,0.08729203721624203
little,-0.1748272760634479,0.09724742691996927
guides,-0.1747555764442281,-0.08219528855305355
word,-0.17464317098140472,-0.03054701325440295
personnel,-0.17357873576546815,-0.045009025268126376
conference,-0.17348413435540344,-0.0577681542043442
situation,-0.17335715526747605,-0.01199612319543164
understood,-0.1732636750715381,0.08499822144886676
picture,-0.17294748113171998,0.01710067615495786
experts,-0.17257930490565457,-0.11161074113150285
informed,-0.17227080876062023,-0.09976939493525377
domestic,-0.172254862314095,0.05634021184490619
meeting,-0.17222339326236313,-0.026533109475221996
highlighted,-0.17199007935585262,-0.04491514069551256
influencing,-0.1718458814878308,-0.02966872350929805
efforts,-0.17158788041832154,-0.05150763860453224
relevance,-0.17046551306744534,-0.09218316509666502
fact,-0.1693619850586449,0.03034563791159593
music,-0.16886001466087297,-0.09720639176800644
firms,-0.16880916000218138,-0.19200748980712642
scientific,-0.16864087215804632,-0.04170744788062241
online,-0.16862672806686752,-0.18110704973298605
makers,-0.16827218593058374,-0.0986898365807754
reports,-0.16789597467025694,0.0021202200172455517
special,-0.16782885188987265,-0.029747852153366516
everyday,-0.16778153643817462,-0.1291995726308625
home,-0.16743682943152055,-0.034310626021415346
data obtained,-0.16742763288754087,0.10985618262434556
consensus,-0.1670333973871711,0.05885513169709089
meaningful,-0.1665783371866131,-0.13113221145104675
sentence,-0.16647413029823085,-0.007802159816868376
pdf,-0.1663897174289959,-0.1239659436349258
reviews,-0.16637531221138616,-0.10039433684303672
cognitive,-0.16599607223528673,-0.061537187598189685
economic,-0.16488004561791775,-0.022592024716471232
analyse,-0.16444996228080244,-0.015475542323678405
life,-0.16398442334141922,0.03975570289184764
patient,-0.16328310714504587,0.24803472349078157
satisfaction,-0.16206418008936568,-0.17549480716124471
attempt,-0.16081204904957636,-0.0010872472299651979
directed,-0.16021440314223487,0.01037757249687965
working,-0.16020300520604316,-0.027530833752626407
plan,-0.15964557514899683,-0.03684236548603522
characters,-0.15960431134007538,0.04948509968407861
existence,-0.15953702624527713,0.09359729173260092
share,-0.15942180417929103,-0.09950620604388358
collaboration,-0.15933457913399585,-0.2710808086408107
analysis results,-0.15927917113291717,0.0958524362602128
valid,-0.15907494050843027,0.015723830191091276
needs,-0.15876975116835368,-0.14220495476517916
later,-0.15819202365878876,0.15125892128833393
attempts,-0.15783172832632164,-0.022365533079597356
plans,-0.15645837372234314,-0.05801330858468804
years,-0.15619544581329184,0.16146864308351597
mediated,-0.15580526237625478,0.12372000102471177
sports,-0.1557055351555673,0.01389851217165175
understanding,-0.1556633668328831,-0.0698440038364549
broader,-0.15532610139967334,-0.15019506066757995
tend,-0.15500499999255474,0.02145373957376421
lack,-0.15464894205631535,-0.04375917440108778
setting,-0.15450343911181505,0.02969234493597773
likely,-0.15431003660710307,0.21060710298438393
acceptance,-0.15340721523440023,-0.154473661218608
populations,-0.15289525926772296,0.3034849593826489
content,-0.15158335696063116,-0.051145733245253996
strategic,-0.15090456657885867,-0.26164147716082986
centers,-0.15087783449314396,0.09234292551207257
treatment,-0.1508004740456785,0.5112918202287356
late,-0.15074148428345618,0.2359892284902651
method used,-0.1496823931508773,0.06375808834525237
guided,-0.14887687078607253,-0.0005085518575246722
mentioned,-0.14829115809888,0.05888573479561091
half,-0.14823865414550075,0.26097779755151584
emphasizes,-0.148068054973148,-0.2242470462944612
having,-0.14801010704971845,0.11481078615797702
regulation,-0.14784892536938454,0.03624863421304579
used study,-0.14709592912793945,0.18653566389114032
objective study,-0.14668126714122798,0.28772971440162576
clinical,-0.14661334422845235,0.40898499263335897
importance,-0.14649741122008206,-0.03405189407709459
centered,-0.1461347937459982,-0.2109247651202085
preparation,-0.1457777559985348,0.0221152148018474
influence,-0.14509235146256352,0.044198537872122
conducting,-0.14316393893713988,-0.05587557520335733
places,-0.1430414929151177,-0.026887664459026718
format,-0.14279285159863678,-0.13005341561826073
principles,-0.14262995204021667,-0.16179520265446
ongoing,-0.142589062127325,-0.08016216715526481
facilities,-0.14223954365922947,0.016882466167889208
north,-0.142120972673284,0.2637631656009034
lt gt,-0.14194130343569522,0.03580130693233482
elderly,-0.14116837693158404,0.12953499242948185
burden,-0.14113918505086787,0.20477126857066888
seven,-0.14091844567733322,0.19858737331921134
behavioral,-0.14056554504965554,-0.01074441609507131
clear,-0.14011064292917835,0.0007701132662310997
gaps,-0.13994643439831667,-0.15361922865561178
guideline,-0.13930076661584095,0.19243769674507813
concern,-0.13928918989277886,0.1355859732925311
look,-0.13928052186238601,-0.06367664950296488
reason,-0.13925514151078214,0.05608258317364544
signs,-0.13917367526007154,0.12309963996122164
deeper,-0.13895834985910785,-0.12659004819775296
looking,-0.1384615491203983,-0.11464409165296176
bring,-0.1380402797795604,-0.12416757224064125
researchers,-0.1376041684578014,-0.12148887809976723
studying,-0.1373124334498627,0.015911017027975035
action,-0.13731145503976136,0.007576303742497261
regular,-0.13714973352008827,0.09687003200504496
success,-0.1366664050493949,-0.11337399254417851
focused,-0.13468952848606347,-0.03765774265727578
version,-0.13457123730545775,0.06563739649468324
contents,-0.13392515660672352,0.05394718368046265
shared,-0.13353498945838033,-0.09831216598988551
adopt,-0.13312100864315643,-0.17252411887608363
guide,-0.13302926480210647,0.0006618424083735052
individual,-0.13289914577775958,0.03928898994398397
guidance,-0.13237990440977715,-0.03610900234894011
just,-0.13203336233608826,-0.036507903264323495
behaviors,-0.13189259779759008,0.0020936483532786386
universal,-0.1318092693635784,-0.027922434735570396
perception,-0.13166618553192333,-0.06256393403116672
scope,-0.1316388313383615,-0.07667389849387318
libraries,-0.1316111425851804,-0.2516419056346887
appear,-0.1315905366781594,0.1470366590989361
medical,-0.13132907936683258,0.1455946116390269
business,-0.1313038570198332,-0.25509412549405264
economy,-0.13122513033234698,-0.13130661856600265
frequently,-0.13111742877618007,0.13444468597752648
significance,-0.13110626369510478,0.047254823929307
mixed,-0.13110166047677727,-0.01372224361537456
games,-0.13108921644177504,-0.22517369104366539
google,-0.13018112441298374,-0.12742224142999065
messages,-0.13002201688057521,-0.12367285482111877
differ,-0.1299580608896919,0.23431845637187199
targeted,-0.1297377636768296,0.03663834960654934
white,-0.12962360641824042,0.27990876160038486
expertise,-0.12961427633470382,-0.18728592029499827
moderate,-0.12923442452248948,0.3151585822529144
preferred,-0.12899481604420052,0.05036463534744179
appears,-0.12778266511996678,0.19601267090541102
city,-0.12764618428527286,0.025744644337544722
successful,-0.12762945106749962,-0.08395911108650585
sign,-0.127355416640763,-0.07233663537504005
sector,-0.12728380918538368,-0.1745879822355756
definition,-0.12679043221404412,-0.032460578219415476
exploring,-0.12617676671406236,-0.14473874042765159
worldwide,-0.1252681063592226,0.12307980086830148
adverse,-0.12522264625893853,0.3940094611179958
et al,-0.12484783757018894,0.1186027147827308
session,-0.12444236026771831,0.03134524139231067
period,-0.12407941593103097,0.2878721605733222
contributes,-0.12386478509093343,-0.1958168381643572
responsible,-0.123436741956972,0.021826346907665568
selected,-0.12328125025807281,0.1468339992982188
adopted,-0.12303536569710147,-0.04414201195948085
necessity,-0.12296659349508533,-0.10913331295190173
taking,-0.12273287049388452,-0.0043508600808475914
drug,-0.12211605088210715,0.733453155064801
accessibility,-0.12195273948759253,-0.15508447522006616
concerns,-0.12151936718275692,-0.14014247026540158
priority,-0.12078092327232537,0.0035414518820100532
past,-0.12055400265993026,0.031364840391886285
states,-0.12012455067762166,0.08900450461267073
form,-0.11990778819497033,0.027912381527555458
interpretation,-0.119840934640036,0.007093776719134339
learn,-0.11968465905397821,-0.1748902846501363
helpful,-0.11958124736257715,0.0053552145722103005
choice,-0.11955594395589456,0.059939614932770884
diversity,-0.11895199925902954,0.16252519180222003
guiding,-0.11813600601979721,-0.036382492340398975
consumers,-0.11749628603541762,-0.10890713384054741
options,-0.11679904007216463,-0.007037986786519634
trust,-0.11623993277089745,-0.2637829909354113
exists,-0.11603083278031318,0.06588354678172693
markets,-0.11518820865297202,-0.08945689127670067
despite,-0.11518362080029106,0.019603224973601632
empirical,-0.1143502597289282,-0.0811698406726089
contextual,-0.11407185384201621,-0.19800877980562623
textual,-0.11391727117722751,-0.18326464174310317
labor,-0.11379469685951589,-0.053213001661722534
date,-0.11371722469386898,0.06807235157409476
services,-0.11369618888934827,-0.16453735613949916
emphasizing,-0.11277832209709772,-0.24378226290490343
supported,-0.11269247109011793,-0.03404529424491311
settings,-0.11256756316504653,-0.060319199580594764
present study,-0.11217351597464686,0.38263847377902255
divided,-0.11208208221926023,0.22466222846377704
follows,-0.11206458302825739,0.07539357418399881
obstacles,-0.1119019017761069,-0.19035567076171755
preferences,-0.11162924858455685,-0.14718100407790097
interesting,-0.11161752083828469,-0.01646500327135382
right,-0.1110193941756453,0.031002366699350584
hours,-0.11094060673370301,0.21495194072507198
company,-0.11090642546246261,-0.140044355814658
explained,-0.11037166600031857,0.1693622833169384
responses,-0.10972747586745406,0.04345863248629017
investment,-0.10955207359892408,-0.13370429652229238
trial,-0.10943994892119525,0.30773798080201276
contained,-0.10938753525402042,0.26084522908251984
emerged,-0.10918968162517449,-0.09781206745499127
focusing,-0.10826280613178393,-0.15457163594006643
disease,-0.10821286083136868,0.4820922970737656
emotions,-0.10774891483726727,-0.11534759704360369
consider,-0.10749424683623904,-0.02141488300328356
relevant,-0.10692298247668156,-0.05146384130984913
percent,-0.10692215672374666,0.24561873191381534
adapted,-0.10681196182119679,0.0025081480303278123
frequent,-0.10657345532059652,0.21852814531660852
does,-0.10631552469946844,0.04060270847421249
nature,-0.10621681901310907,-0.007129112807863717
face,-0.10550052299460584,-0.11465252738685949
implementing,-0.10500229922494572,-0.18304805446024908
sustainable development,-0.10498096775266275,-0.16203606408268237
quite,-0.10483554863874568,0.045051761506850405
standards,-0.1047082543239136,-0.035298307057502
include,-0.10447854510557573,-0.05924383619673112
taken,-0.10417774099760106,0.14411799423938781
changed,-0.10385295311227895,0.08228433738475671
collaborative,-0.10355947764237851,-0.2913383783996816
companies,-0.10352698775060024,-0.19755746415776462
collect,-0.10292128936653522,-0.06026569562629096
involving,-0.10256566667839696,-0.022822112713235816
adopting,-0.1022586432610291,-0.20127569405772247
pilot,-0.10193533636543803,0.019872594431846965
systematic,-0.10153062726315865,-0.052636008729762256
serve,-0.10148818355306527,-0.03105773133123512
projects,-0.10136286716889904,-0.16159051465065974
benefit,-0.10119180046272234,-0.008689120273622114
purposes,-0.1007905103528497,-0.02415244024297938
analyzes,-0.10077858806512023,-0.1653325694627323
poor,-0.10069592771068499,0.15211344434025817
assessments,-0.09982331628194215,0.033513204041447475
today,-0.0997742554253796,-0.15434576519410342
addressed,-0.09965848240535444,-0.06937810490801967
trials,-0.09928201763300501,0.23483869792781648
describing,-0.0991935054957003,0.03956381700193619
description,-0.09894902578209643,-5.2811917553419345e-05
assistance,-0.09887383668559407,-0.12302447332199318
largely,-0.09880868205407613,0.08695196181678717
return,-0.0986796602095474,0.07713905724325655
establishing,-0.09844760560418375,-0.05781691568937831
linked,-0.0982078599914347,0.120842570381526
presenting,-0.09785932780133741,-0.035500391943723106
followed,-0.09778224973898819,0.268268329244714
preference,-0.09771135706273006,0.014874815904045642
era,-0.09768471570729831,-0.22489955669486286
kind,-0.09761086979421657,-0.015151324277429008
meta,-0.09735758137492893,0.02094175899589146
investigating,-0.09706365966091027,0.03890052926217135
businesses,-0.09701835629668075,-0.3201625147738763
intended,-0.09683967223783543,-0.04766461195457787
resources,-0.09670782103996435,-0.1273056515284326
methods used,-0.09617038206936747,0.0748375251409739
efficacy,-0.09604960591606998,0.1831295322607222
shaped,-0.09592419711832625,0.05297653890115841
innovation,-0.09549403368783618,-0.31222235305475043
needed,-0.09544465128084158,0.06948470363390291
clearly,-0.0954236426333614,0.12608357574294746
study investigates,-0.09516401648261784,-0.12498021241156382
retention,-0.09502969976410178,0.009890403014378307
recognized,-0.09472019216579314,0.05533858874209901
actions,-0.0943046051350276,-0.071987329325951
traits,-0.09409095154792854,0.3259904719826145
section,-0.09385606399689046,0.0730064234164447
exist,-0.09340100866618396,0.041147490299327294
injury,-0.0932745070204979,0.3577198865708134
consideration,-0.09305572480643477,0.008981128187416807
decades,-0.09298284074077305,0.06089475798048241
paper aims,-0.09297858580140939,-0.19708715247034483
early,-0.09290395984272685,0.12092395941625281
regional,-0.09289644161511355,0.09856073002940936
developing,-0.09283922246894592,-0.09936230393573815
com,-0.092780054622004,-0.03405248669036913
table,-0.09259273602349871,0.15788965853371742
databases,-0.0925852802996676,-0.03551205919701222
creation,-0.09240543976694238,-0.21331539162462998
insight,-0.09236805911949683,0.003024444136883705
contributing,-0.092359037066546,-0.029926493444221384
central,-0.09212703331953861,0.07790244840094877
healthcare,-0.09120569732087463,-0.03606931798113191
results indicated,-0.09105919548597721,0.236902271477672
creating,-0.09091776637597807,-0.20673362756485575
experience,-0.09048771658633278,-0.18669002341657776
text,-0.09004987468456468,-0.1330415069457789
collecting,-0.08976745307887211,-0.08689777893280244
learned,-0.08967935519718498,-0.10546873486757995
expert,-0.08958955548785807,-0.1033350759883837
affect,-0.08948895226907574,0.09417249794670646
means,-0.08898260744722962,-0.0032384715766502407
basic,-0.08884467024915864,-0.021069511753491803
turn,-0.08880246269931533,-0.02239367578221012
appropriate,-0.08865850804081875,0.05646091211445906
difficulty,-0.08852436509171298,-0.039050936627486516
start,-0.087989257844213,0.0019034916481378747
idea,-0.08768722482502779,-0.08223833320096878
absence,-0.08725072506339046,0.16986958770021282
examples,-0.08696906084604715,-0.10508322433683363
usefulness,-0.08632708118982828,-0.1304505478523004
situations,-0.08602380611498951,-0.05434289641295823
bank,-0.08595542332496153,-0.019756219320562138
market,-0.08531079182072059,-0.12541918235991756
antibiotics,-0.0849825747086504,1.5316661691694349
severity,-0.08453893185545913,0.4526218435175223
starting,-0.08446671483449036,0.020391316942125922
regulatory,-0.08444785527056739,-0.10823826183289827
origin,-0.08400658264736384,0.33699270773639767
equal,-0.08367942779846113,0.16930082767818477
sections,-0.08315573970023483,0.125677316118087
survival,-0.0831350738932915,0.43765043744453413
northern,-0.08296273998382953,0.35926007219099776
discusses,-0.08158094868008128,-0.18232624568147812
live,-0.08148255294560501,0.009910685910756237
anti,-0.08143086077678884,0.3746967058568471
analyze,-0.08110759146706,-0.04178382458311355
carry,-0.08098640574536493,0.012320617601565402
considerations,-0.0809779096688338,-0.17253879219452617
beneficial,-0.08093323020850042,0.13950424859883565
assessment,-0.08070456266076523,0.07049176307578063
earlier,-0.0803283159467024,0.16207976458614476
benefits,-0.08018686746682321,-0.11221440272634486
ultimately,-0.079983131409204,-0.12270059101178664
elements,-0.0799693269586018,-0.057143158719031036
access,-0.07974000646420476,-0.15466968214801569
affects,-0.07972190469777105,0.10036406475554563
risk,-0.0794203164257416,0.19190655724864164
class,-0.07920220505141028,0.027396063552287055
account,-0.07914950209468291,0.027029839401909332
food,-0.07895988450382467,0.3827402337915847
exposure,-0.07870561110580038,0.3118611132005799
expression,-0.07849231833524101,0.06722031968396266
addressing,-0.07828570167358992,-0.18643621715010264
levels,-0.07828075811525018,0.13065416493772727
pre,-0.07748766996226626,0.08436570483336234
emergence,-0.0774313867510611,0.09020258078724235
treated,-0.07732147197176062,0.5877033570018886
routine,-0.07722702644856895,0.28073434081518955
center,-0.07707746806206822,0.1214889865201187
dominant,-0.07682834512877006,0.19024443824236756
manage,-0.0766621005853512,-0.14215307429294904
rules,-0.07647528363761948,-0.06347164189516061
compliance,-0.07635778742122419,-0.06689121891459993
internal,-0.07608961243467634,0.01916376585235428
diseases,-0.07602352515045072,0.49794281264840723
classes,-0.07597736249510118,0.05499278689816219
treatments,-0.07582815693313805,0.6295633946616483
accounting,-0.07581650606745641,0.05261146387830003
led,-0.07552484614823983,0.04002128727061081
certain,-0.07519110026142396,0.05512192558631407
supporting,-0.07501040221122807,-0.12254909528330814
works,-0.0749612850128783,-0.06696504012764294
cross,-0.07467529585092829,0.13532997810763653
deal,-0.07351550086225267,-0.05829957187664634
decisions,-0.07246793749619616,-0.1119859253281859
development,-0.07234444039564031,-0.0949613972953832
healthy,-0.07205441907109189,0.3622424568943767
enterprises,-0.07131631472645047,-0.247614977694701
matter,-0.07111962640131797,0.18771447851912623
delivery,-0.07050426422689628,-0.144360196034124
southern,-0.07041724791907068,0.37290334524800334
behaviour,-0.07019433980009587,0.059837447478703946
affecting,-0.07010199213817285,0.13405724367312263
causes,-0.06975082736330991,0.23977557739660174
managing,-0.06946353175890184,-0.12399879221489483
plus,-0.06921998333031006,0.23230738022698985
day,-0.06871628442740466,0.2521921986340035
represented,-0.0686063337414141,0.10012601645435674
standardized,-0.06841933991893699,0.08994175562214324
depth,-0.068210935304918,-0.016968573259337268
service,-0.06795394555023115,-0.1585784362663007
common,-0.06715152880471266,0.1637800172184848
occurs,-0.06714536391713645,0.16737396440718144
screening,-0.06710772364678777,0.43943214790155555
stages,-0.06608844434178389,0.012429332929918196
affected,-0.0656040775245664,0.2577678880468864
geographical,-0.06529070030961853,0.08838334853494194
assessing,-0.06526122154399246,0.0766488245140048
overview,-0.06525091618774513,-0.13355925948442665
occurred,-0.06499169454436204,0.3888973108821795
daily,-0.06484993152353398,0.11159443981026763
material,-0.06389604353561051,0.10162605208952427
generally,-0.06365259398338864,0.14476280111914294
establish,-0.06351543438904483,0.038265864737681
sectors,-0.06332195621203093,-0.2009709480119821
given,-0.06318809154939081,0.05108555683651414
investigates,-0.06311057421183532,-0.14401431598059736
updated,-0.062488266494360976,-0.02904688495855709
gut,-0.06220538189795696,1.1359111185279938
consumer,-0.061848424641666774,-0.17218072873293883
orientation,-0.06182219836986767,-0.004909752282891524
solving,-0.06134887187261667,-0.15926259794089953
chosen,-0.06131325217715275,0.05401183896415949
sustainability,-0.06001399288091076,-0.20548133637063368
expressions,-0.0597763720757972,-0.08667112305642259
materials,-0.05958190209106508,0.12844617031758965
spread,-0.05948600476080273,0.29760159284163484
connections,-0.05924672817497419,-0.118539939938342
insufficient,-0.058827103743164216,-0.04152306207370687
implementation,-0.05791829096834185,-0.17716554146310584
important role,-0.057742475341957304,0.053141377362746586
activity,-0.05735543121932333,0.20088117139772182
communicate,-0.05721883447054297,-0.21688274479682176
game,-0.05698053900199331,-0.2148325156174837
competition,-0.05669219107088429,-0.04774578638914369
project,-0.056086937544708115,-0.12675899985341843
create,-0.05603495387735858,-0.18048164569306327
offer,-0.055252012685037405,-0.13840424351780573
effort,-0.05497312360546406,-0.05772411858912084
impacts,-0.05463088769077161,0.029049628953003347
respect,-0.05427884361595426,0.086977782055611
customers,-0.05397952796735893,-0.2612143361358557
modern,-0.05383001391302055,-0.15029892706499956
varied,-0.053597830133191963,0.2349706581357532
versus,-0.05317304470879603,0.2527431199877722
landscape,-0.0528457446948577,-0.20099585720691143
possibilities,-0.0523457074279656,-0.16034144469555997
carried,-0.052103111470629494,0.1895315181044274
major,-0.05209584996966796,0.12515443904974197
sources,-0.05203833429846246,0.06708162419404722
antibiotic,-0.05183201775644281,1.5733467440351925
considered,-0.05179279111791018,0.11816987820493606
degree,-0.050893652897507115,0.11907198143471241
spaces,-0.05087951496093487,-0.1419280090875457
identifies,-0.05071291249641835,-0.20475011081942915
case,-0.05067973484237745,-0.04365795382343374
training,-0.05066204961474769,-0.10432496014620342
black,-0.05052598048190387,0.17470574918814594
proper,-0.050437025879195796,0.08080313757940162
progress,-0.050263454341578084,-0.1194867518924746
planning,-0.0495130454511143,-0.08692280384137481
advance,-0.049035778860071245,-0.10306752252193702
records,-0.049019700902335796,0.05287286533409252
adoption,-0.048309495327763206,-0.28462964722236894
discussed,-0.04794223766730661,0.00984775865536938
technological,-0.047884223155518164,-0.2969736511389309
far,-0.04765437213097965,0.06577712079928663
annual,-0.047055661501912156,0.2307973801177509
rehabilitation,-0.04689159914988225,0.18893566757033356
close,-0.046731533565162346,0.09613417056555354
suggesting,-0.04672234370043649,0.2510738033130255
assist,-0.04660352637852609,-0.10291064241233032
china,-0.04592915320065542,0.10155537675756279
oriented,-0.045873069254677885,-0.16938070331074662
gain,-0.04583033204875233,0.006081251990793002
formed,-0.045751304207617575,0.2182136954149628
https,-0.04528459180326579,-0.07706945972395678
frameworks,-0.04522403615821515,-0.2790256791523309
created,-0.04488366438332318,-0.08253580040615976
explicit,-0.044694635464054,-0.044983004912496675
ambiguity,-0.0442215353535896,-0.0141800612432443
connection,-0.04414538454706933,-0.08181574039390445
select,-0.043940835556720036,-0.005931252351874982
meet,-0.043908960689811906,-0.1022053284216586
focuses,-0.04325991752057882,-0.13057127740587093
panel,-0.04325297794340865,0.1032283454595156
true,-0.04228611454487,0.09654043260164832
communication,-0.042225022921539755,-0.2139810251893439
innovations,-0.04221193820116387,-0.29528079277794017
remain,-0.041970200308811434,0.010879297504529895
summary,-0.04162423170568874,0.11835275237774713
highlighting,-0.041461188280599304,-0.15298166439739055
statistical,-0.04121733003122714,0.14875330520591118
define,-0.04116186002993665,-0.023549004938589153
independent,-0.04100548724687182,0.0917212413856574
sharing,-0.04088288460360058,-0.21944674167467101
local,-0.040788289567888145,0.0541184043889635
gap,-0.04049569973807602,-0.12495390864258868
broad,-0.040354124268595346,0.08964976433583359
thesis,-0.04020693301324907,-0.04483787279645739
tools,-0.03989950940467936,-0.18788802267463137
serves,-0.03974360819025364,-0.15017583791342198
unique,-0.0395611377658441,-0.027154897432921453
employed,-0.03934786085042636,-0.015513082032564426
formation,-0.039295036856671725,0.21709842748760597
forming,-0.039281761714228154,0.16844021937190126
example,-0.03895251300729456,-0.016404510115442222
prepared,-0.03844901356073787,0.2892435873356124
allowed,-0.037991662787538315,0.12293256546953958
subjective,-0.03727076500454466,0.016348975902776824
isolation,-0.037040679543753875,0.4145684722563849
foundation,-0.0369311128181133,-0.11131263622118218
exposed,-0.03671347520698349,0.2919105748738381
microbiota,-0.03665451901905823,1.1876630997680502
stress,-0.03654952852770389,0.29483082493118723
final,-0.03634609019379581,0.057828726023357355
vary,-0.03627097492852296,0.1878330344998366
insights,-0.034776991506229205,-0.19238896379021095
contact,-0.03474327037056374,0.15068983291800422
long term,-0.034536340993653734,0.053926350129350126
surrounding,-0.03424787811992397,0.05380981654225234
closely,-0.03417444846902856,0.14123303634811113
gained,-0.03408553344429578,-0.063900161097485
comparative,-0.03366167165320938,-0.01305206289182017
considers,-0.03326920631363062,-0.07275429702479569
aid,-0.03285232939934868,-0.009398733814935301
left,-0.03262947464588846,0.1939405055382726
distinguished,-0.03247528178201951,0.2671904626721673
strongly,-0.032232623955917215,0.2152203921614758
prevent,-0.03211217082151545,0.19161103332913315
diverse,-0.0316940041505487,-0.12819321695737237
accessible,-0.030156046037980572,-0.18805351618326863
management,-0.030079128179841968,-0.08161444600499901
longer,-0.02995864402490514,0.1653805554732
resilience,-0.029793679865475164,-0.14618008086345471
adaptation,-0.0295614172938082,-0.05671322602750882
pass,-0.029059648480577623,-0.026953364180722465
shift,-0.028680758096120692,-0.060656789957205345
antimicrobial,-0.02840753901061059,1.68376505206105
iii,-0.028309394881537393,0.19939625693366267
trends,-0.027390504696137137,-0.0846480357799125
largest,-0.02717854322685313,0.21864089165824738
open,-0.026947661438655266,-0.08635169442034758
integral,-0.026629043089545182,-0.042963388223607145
audio,-0.025758767523571,-0.18548363836247983
case studies,-0.024869637707380713,-0.2197398154309002
established,-0.02482432876142276,0.10363114312703364
usage,-0.02464123423959606,-0.11841035129497934
facilitate,-0.02408295951398545,-0.1309080029309207
boundaries,-0.023738769122967178,-0.03592943801154878
ones,-0.02367030972954163,0.06856556172157356
prior,-0.023064863423555473,0.09404809513560737
markers,-0.022450616997378377,0.2984839894566639
days,-0.022226933463462592,0.5187917045710067
specialized,-0.021861119745967317,-0.08934091493358064
growing,-0.02165541401137573,-0.05193360927793385
sustainable,-0.02129426614178519,-0.14051387002738042
record,-0.020934765545800926,0.08314204699569122
able,-0.020546004235651283,-0.014237552198212464
takes,-0.020136701506561053,-0.06061861638191864
kinds,-0.02005709963465036,0.01300057900005445
direct,-0.019967629326786886,0.07215454045009112
currently,-0.019899047112671833,0.018370927354941
future,-0.019206603016284855,-0.09280162705921273
ensure,-0.0190033508896958,-0.11736917487372138
digital,-0.01863477802141542,-0.30811512654229845
pathways,-0.018426746958878137,0.14547059695009937
study provides,-0.018322182681642516,0.00547957979347751
improvement,-0.018151847366938076,0.02084344902395415
variance,-0.017309751725859832,0.26785595947908536
fit,-0.017246714430254585,0.07210046932742709
includes,-0.01719697239166054,-0.06986033813272768
resulted,-0.016700358811203932,0.22644269479494358
changing,-0.015766990272865322,-0.07187980988081766
price,-0.015301904376398667,-0.00787202426776831
transparency,-0.015062835889648123,-0.30976475314239343
world,-0.01485862500076039,-0.10043322286020266
contains,-0.014298464449088784,0.05058468372483337
maintain,-0.014049798354401496,-0.017592876904328432
construct,-0.01347073948729974,-0.036203402103729264
board,-0.013398937802398592,-0.038720361862202186
cases,-0.012596732039190919,0.1691171124560995
medium,-0.012554467981507701,0.09603215446803477
coordination,-0.012272784313844268,-0.0791227497105794
reach,-0.011378501099136823,0.023007791307709427
product,-0.011150671546508723,-0.024353013319244183
animals,-0.011018414134462466,0.6549746519341307
reactions,-0.011014540561301165,0.32047196521452315
cause,-0.01098297309285631,0.3154553818043937
speech,-0.01096587839729717,-0.09686608595264835
valuable,-0.010818139130500974,-0.07801543644328651
availability,-0.010766115329915296,-0.005740576986135082
improving,-0.010593095335727174,-0.09793320890565653
plays,-0.010519063150102884,-0.03731321198207007
technical,-0.010328325499841222,-0.17387870639687944
quality,-0.010141315724779802,0.015047142602748592
search,-0.00994556508836314,-0.04156524471871422
emergency,-0.009934402408754225,0.03659708736476731
great,-0.009912127224448552,0.040850119596979866
helps,-0.009903621772958504,-0.12800290302790462
risks,-0.009706711720112013,-0.0453550798675311
consisting,-0.009225283714890608,0.10986256729070021
ease,-0.00908557398134321,-0.17825509337778658
enterprise,-0.008993180306705817,-0.26266574301277246
determining,-0.008935974166405623,0.14551325678530388
strong,-0.0085592130260721,0.07072067263125544
products,-0.008329561862682335,0.08316242395263655
urban,-0.008315437514298446,0.004799460993836848
animal,-0.00815737552588927,0.5785940386808667
implement,-0.008023455466408624,-0.14877625859207658
useful,-0.007853285008779944,0.04841324141163241
link,-0.007724677278574867,-0.008999764154665477
transformation,-0.007344229529366682,-0.19948825936216766
building,-0.007302489581333142,-0.14033446063620209
lot,-0.007190484324837329,-0.08508241265361872
growth,-0.007174268293219924,0.16002484550569915
occur,-0.006547502460901193,0.20330853331088955
providing,-0.006345275973487274,-0.1258816385333886
instead,-0.006058191268124136,0.02136346263151324
events,-0.005745192147474384,0.11958673538425413
vital,-0.005731496651147215,-0.07133916030526619
principal,-0.0036392297268574617,0.16139565022774405
identifying,-0.003420847567678262,-0.030911073379780215
considerable,-0.003183972015230726,0.09809025519556942
lead,-0.003133180760114415,0.08929601241412466
principle,-0.0023974701147197685,0.01481708218981347
increasingly,-0.0012622170657697362,-0.15339917365130035
expected,-0.0011649958613018986,0.03897732324271319
blood,-0.000964474506364634,0.7199485836319287
duration,-0.0009210032948649889,0.37264234886969055
units,-0.0005571588625173585,0.10104823873048452
developments,-0.0005021206853330016,-0.16807760427443397
ecological,-0.0002940137743139235,0.2045536810970448
customer,-0.00010256459628327523,-0.3367576780432625
limited,-2.170517882706397e-05,-0.013315004599461482
reasoning,4.810988225529985e-05,-0.1737655631084049
facilitating,0.00033188662336186477,-0.2017548002266477
analyzing,0.0006874698281265786,-0.0905365724708578
site,0.00085711722578669,0.13073059838225706
steps,0.0015481460695540503,-0.017261030332441644
demands,0.0017550661778986383,-0.1584884741071388
competitive,0.002321478898576374,-0.19285036928235244
gives,0.002391818339599744,-0.010400223661849506
subsequent,0.002737765351542898,0.17511577529460448
acceptable,0.002973340407496905,0.16392353109349345
protection,0.0034942531287100497,4.944352473923714e-05
body,0.0036052152281573218,0.1746833212330158
original,0.004034579071486178,0.03463305361472315
popular,0.004148401669588093,-0.09038370439294408
specifically,0.004298816276047047,-0.052512760196903756
commerce,0.004583971018554734,-0.3572132384473032
rich,0.0046496879413139465,0.035764071571418775
behavior,0.004701184263602322,0.026130070959530842
critical,0.004753757606662819,-0.09861296728158998
potentially,0.005361402405839139,0.15385915035909914
tool,0.005518104747073899,-0.07085588102542523
build,0.006015591521520435,-0.1608830760235883
tailored,0.006229723706360638,-0.1841411261868075
defined,0.0065543995901852364,0.07306646932766614
adapt,0.0071459372263026405,-0.1818067482060818
weak,0.007242326719088086,0.1368093593785707
illustrate,0.007407081094585427,-0.07845461219532357
agents,0.007684272944841588,0.21134770322374238
cover,0.007799141095083975,0.0656011462925651
leading,0.008132323359113227,0.03222089214637629
making,0.008454376864213107,-0.14425200962705934
rise,0.008808557014491918,0.026796906289868878
addresses,0.009571480861560486,-0.20724187521171547
physical,0.00986714527087007,0.05236866396044749
severe,0.010539543990984534,0.3807392607942289
emerging,0.011074956084282762,-0.18548250598351246
describes,0.011365235248973954,-0.06597003188284374
positions,0.011738568976710615,0.02729750197030708
profile,0.01187757356494479,0.3529777577212851
concrete,0.01215703011097752,0.04458264157907211
travel,0.012450600681231024,-0.05233175294560215
videos,0.012546359793168893,-0.18802525382456597
facility,0.013227323830378057,0.08852123567314717
contain,0.013259704531246332,0.1572917737108468
stage,0.013611285502127094,0.06254253458616717
deviation,0.014641763164871896,0.21713628587067427
innovative,0.01525919238940676,-0.2492704494511542
remains,0.015331280981822471,0.04656264607094426
external,0.015594053788400428,-0.03460964636060441
sites,0.01566662652778364,0.21709307651008303
periods,0.015882608113556903,0.2810798236214674
designers,0.0161025285384943,-0.25179174650495356
comprehensive,0.016233883918977003,-0.11650211574757172
representing,0.016293502310998888,0.08960240618525296
fundamental,0.016392964399266144,-0.04205570721849604
learning,0.017069651052467112,-0.2274825963990686
global,0.017086705377995753,0.00016552501587787172
numerous,0.017250037697204935,0.0002051104622363568
offers,0.017443676348346055,-0.1859968521658108
reached,0.017619149661242384,0.1977129195161704
recorded,0.018155362060580972,0.3011401096019058
represent,0.018229602796428566,0.06963200263350974
semantic,0.01826637526397652,-0.11635983558791443
evaluating,0.018712039417158873,-0.002480212195990008
exchange,0.01878104467450771,-0.06879981914927855
numbers,0.018822428905960847,0.2082846661445816
geographic,0.01899876614544232,0.07206988271641171
construction,0.019247014013178257,-0.055052618711445296
involves,0.019554498233568068,-0.07819487464175426
similar,0.01973171226027987,0.20724496625811667
reference,0.020366462667138305,0.09101422434442986
uses,0.02045321593972373,-0.09070257847211272
sufficient,0.020703290462297966,0.10046429024308058
separate,0.021339429995454236,0.13370406916163544
correct,0.02142757727430298,0.062068457028575504
additional,0.021542677912699086,0.07941224769201534
points,0.02186205574932604,0.05688654452959557
film,0.022203367025170635,0.1550838819519302
transition,0.022600437006422263,0.0483556636995322
information,0.022601917825797686,-0.0826586025568287
analytical,0.023502639275107404,0.043184523338951106
classified,0.023572987913375625,0.21896928753366104
underlying,0.023965289629251547,0.0691081186391858
previous studies,0.024358670667389108,0.15552719701362194
shows,0.024380264131307373,0.05551155553587012
bias,0.02454172392365438,0.032903445235514105
representative,0.02465685145203362,0.12586009842648796
evolving,0.024938875231820354,-0.3160296297511684
heart,0.024945587286379065,0.18725792505321115
complete,0.024994548561285287,0.0927845904788555
widespread,0.025133780917156467,0.01990104525152187
placed,0.025412148327396352,0.11176593943935574
design,0.025695758274126804,-0.0966151936698488
high level,0.025715125225948363,-0.015844339492676485
decision making,0.02586358705788852,-0.19807407501452326
equation,0.025975863059257913,0.04507220806829314
investigations,0.026036788414316163,0.21143486409580606
located,0.026171117307625887,0.22361706945085308
proven,0.026947783578716394,0.01695079983250554
sound,0.027068026065976254,-0.005384208772349281
manner,0.027236689533364195,-0.04551915487029964
preliminary,0.02732209880899934,0.07234919248733097
trend,0.027621303138507143,0.1014633132726684
safe,0.027809323058217057,0.09994636745278498
region,0.028220459156751178,0.2679941821415791
measuring,0.028247644137738864,0.09888692167191061
feedback,0.028782695994800704,-0.19788594857053507
tests,0.029396023649637636,0.23580330898350318
multimedia,0.029416770689776404,-0.3428073327814406
studied,0.02976966427120381,0.2894333101009809
occurrence,0.02979263554519888,0.4207899700464137
acquisition,0.03059670079593891,-0.0772327244435686
integrate,0.03068683043856903,-0.21996774508491976
possibility,0.03073034499047643,0.06501216452424388
parts,0.031007143049056832,0.0867540263397617
host,0.03125629088777989,0.4581181081061551
relatively,0.03181737373021867,0.2012599185808333
systematically,0.03249051255607016,-0.009642524929780308
consequently,0.03277896878066691,0.051746553943408546
isolates,0.033124013333798184,1.9730287722221198
structural,0.03403525081277282,0.0476295331986884
electronic,0.03419719632888206,-0.046568637792678516
methodologies,0.03426540452891796,-0.1888530421589171
conservation,0.03435106781805193,0.14117427649057154
line,0.03511040935955028,0.10151576839986214
diagnostic,0.03516744159743105,0.2806654984215593
showing,0.035261352209198175,0.15776442911698726
avoid,0.03531345258743194,0.06897791337434472
effectiveness,0.03556302150144549,-0.08151489851474517
core,0.03566790857978533,-0.061441278450935166
larger,0.03621449959808415,0.20652735780519152
initial,0.03637875836059645,0.12161379279014362
supports,0.03720244895711993,-0.1460842438146606
attributes,0.037208017370349115,-0.028610275115215966
environment,0.03742867834936244,-0.08581978704766545
end,0.03795982449178987,-0.01014902733477393
makes,0.038087009055604464,-0.0711936142544944
increasing,0.03809164488481732,0.05443087579025347
commonly,0.03820445510312745,0.28176071139028
substantial,0.03852395679212569,0.04511550263712241
indicating,0.03864415461875065,0.2563961866467083
index,0.039523330958095584,0.30456591876876743
available,0.03954136133245809,0.04752480587558354
represents,0.03960645944917569,0.026992063342974406
applying,0.03972839723867622,-0.04026956581583194
formulation,0.04023354353964942,0.12900269599666794
presence,0.04071646525214373,0.3658823641630788
considering,0.040730028210594404,0.03138625054511293
free,0.04130774225135385,0.10075407895016077
web,0.04218265302995321,-0.22442402183973004
platforms,0.04250965255590845,-0.3418927706363386
industry,0.04253542665242563,-0.1557768830064152
previously,0.04260890085602382,0.24395288455020225
functional,0.04375856904659732,0.16377722961327495
alternative,0.044152770683452205,0.055090354247416165
cities,0.0444158174359585,-0.06382638819653194
susceptibility,0.04451187326492746,1.4952528503466918
resistance,0.044536217712505446,0.9593712292403433
interactive,0.044660802662350146,-0.3150198242625228
offering,0.04492745881896814,-0.23342291290983908
condition,0.045035618095303605,0.23345869333702743
enhance,0.04511677282670598,-0.19843044367309864
depending,0.045331773777980776,0.16237196205059254
ideal,0.04634159075146155,0.006900838119742846
shape,0.047012458331255925,0.05603962428438837
consistently,0.04735579163953686,0.08471020654130045
resistant,0.047860876599683175,1.5430734782903042
developers,0.04905952646062757,-0.32143433822333994
domains,0.049164465549002424,-0.12984089422041326
stroke,0.050129997650866384,0.34548626828124
designing,0.05033123313112334,-0.16066135517678953
employing,0.05063560074336546,-0.111518339547353
added,0.050848853252013035,0.13866981651901839
failure,0.05097750056854282,0.130691038714755
productivity,0.051610712533713916,-0.018283938952238014
decision,0.05178571453131958,-0.1438987842874925
state,0.05253765416757499,0.03192198114331601
interactions,0.052717242489974676,-0.008598906554364641
balance,0.05361440912282896,0.03021864196643421
easy,0.053652466966552605,-0.0867676996690504
completely,0.05378719124177512,0.23083064881089957
evaluation,0.053834554854137566,-0.024497655683895447
produced,0.05396583968078744,0.2494602147210761
different types,0.054163603994926035,0.056160254071915654
position,0.05430253334108799,0.052296383681938695
distinct,0.05451389182381762,0.144354752721479
enhancing,0.054664126515860306,-0.227405466552905
standard,0.054750756821452445,0.19735416939172704
actual,0.05504677940546137,-0.0006158447084743915
difficult,0.05536796808926567,-0.030577807074297702
app,0.055414026842028966,-0.22273469104998592
characterized,0.055553119948508804,0.3213928632669359
depends,0.0556894324004435,0.05971324706081968
discovery,0.05653981827340717,0.015994021763457576
web based,0.05692759036491998,-0.2573868167627738
phases,0.057428142050594995,0.0892784779833424
scale,0.05761837729504645,0.10399844418817544
incorporated,0.05765647632742516,0.023225788449015367
base,0.05801546942033371,0.05009559928477218
consistency,0.05828375853384438,0.020494452526009017
hard,0.0592033006354092,-0.0073600382143493865
bridge,0.05946709487257113,-0.13390833682847486
room,0.059883413427787725,0.11148566371014329
proved,0.06127292641107298,0.13369087509629943
times,0.062136686192476046,0.17251493511706423
contrast,0.06254845428068613,0.18523207727048815
leads,0.06450637698430914,0.07513484651040721
recognize,0.06470103402436632,-0.10353714678657551
details,0.06483077022367395,-0.03363111474537739
expansion,0.06500496746188611,0.01215214918678669
alignment,0.06503106904159343,-0.15366905585368013
resource,0.06558379640234287,-0.1650861605587357
partial,0.06561215355254832,0.10989302398313143
extension,0.06586148689407886,0.052823095177987466
diagnosis,0.0669371964717707,0.26993081795085033
isolated,0.06710461019648577,1.0675366402848698
entire,0.06710609207658104,0.0632300013439697
voice,0.0673300625968774,-0.21918093154567045
applicable,0.06739358996439046,0.01965664281288879
usually,0.06759427384502668,0.10448293050329345
infrastructure,0.06775043473026938,-0.22669085586549667
high quality,0.06792000768374114,-0.0536054164111498
light,0.06885211040660862,0.09147566429517036
producing,0.06914771400671929,0.35367873320466325
video,0.0692219716107036,-0.16691274339344903
aiming,0.0693298921671348,-0.15286826155679567
morphological,0.06947457896412797,0.43823565104869666
evaluations,0.07022380980501564,-0.07047061267506183
consists,0.07033276555545923,-0.015204162288927695
climate,0.07051715329535849,0.15180965374150676
reality,0.07103705399848759,-0.27589385958261875
bacterial,0.07130048047548747,1.5006632803036513
technology,0.07185834885614908,-0.23672964640464977
muscle,0.07191971102640603,0.5109059642664605
functions,0.07206965479902938,-0.017884551355656683
detailed,0.07246400055678115,0.01801897844550846
typically,0.07275925674912491,0.040176929338851954
coli,0.07296032683378749,1.8708396483196816
highest,0.07377610473621986,0.4291057135077771
patterns,0.07420568615896789,0.10791553278273686
produce,0.07435354189494674,0.12185178898827627
allow,0.07472328283280562,-0.03717929288056661
directly,0.0751502280317769,0.034379342638999506
inter,0.07526735597089663,0.0898771211540169
forces,0.07546562042982129,0.10598610802533956
scales,0.07579160702513581,0.2071520877994478
drivers,0.07677008754713575,-0.017036479070287214
agreement,0.07793535442737759,0.2413063423490309
utilized,0.07808283589970921,0.016738183159480675
capacity,0.07808935465986959,0.06801471839918402
climate change,0.07810630177846994,0.148352585256261
directions,0.07861320749221802,-0.15354273558529638
bacteria,0.07929711103490163,1.5140624997565482
rule,0.07996524705345916,-0.019937032225750193
lowest,0.08000044615476372,0.4589059834049177
composition,0.08011696275332286,0.4838115726824593
production,0.08022415257182397,0.20547083229572286
threat,0.0802319278651027,0.14494918293486062
introducing,0.08078421317594264,-0.10991010123373063
assisted,0.08081561908762756,-0.04956512018822535
property,0.08137265582951608,0.08094483195973964
ensuring,0.08182381557152817,-0.2142462500095537
usability,0.08236646584172155,-0.21063419726356863
interact,0.08245742812650086,-0.22361773948815034
square,0.08271710894625392,0.24995135372558558
degrees,0.08325416460366378,0.17512149388238837
green,0.0838612325502859,0.09723755128991303
hand,0.08483756149691975,0.016415774414686325
caused,0.08522007844792384,0.313186005415222
sensory,0.08528105845755567,0.12340606413089601
response,0.08588992079576419,0.11277653192436925
improvements,0.08763198801912495,-0.055990715050030455
additionally,0.08831520973788322,-0.029480250031750675
lines,0.08977860287544694,0.16612672429311612
extend,0.0898493001044289,-0.04577267217065313
comfort,0.0898646814672736,-0.053133300139452104
industries,0.09036444394456711,-0.15947517782824927
environmental,0.09063121099305761,0.10020102828641864
fish,0.09065204024967953,0.6043510090603251
integration,0.0906858602341255,-0.2837572148322027
selecting,0.09112723759389356,-0.003571030310615444
direction,0.09196492509878824,0.04607647313947539
variation,0.09226910337952664,0.35349638492577934
personalized,0.09230487377726557,-0.3425719545530585
fields,0.09368959000768916,-0.06742393531957327
intensive,0.09372251315850792,0.019764499375201545
overcome,0.09429467941595354,-0.0958668840326906
source,0.09511313776079589,0.09150215482519444
event,0.09541969025037496,0.06581813628827929
trade,0.09592587318706433,-0.05624556501143648
forward,0.09623354233845788,-0.08511658965598695
acquired,0.0968708808449605,0.20374421067168202
structures,0.09714021378506286,0.0799984747313771
upper,0.09727545024846253,0.3313731229373051
fully,0.09767371253836447,-0.011522568128734966
aware,0.09880034243642313,-0.15521147008236563
safety,0.09885292963609837,0.044972978783087
maintenance,0.09902540645532079,-0.06341189699217131
small,0.09909609713071496,0.12071314471775156
utility,0.09965666026603659,0.02677117813875065
structure,0.10006120928932186,0.10873115279976678
implemented,0.10019414397724216,-0.10121482023364249
representation,0.10057433009002445,-0.08606773238076426
easily,0.10115968960638733,-0.0477249288526384
incorporating,0.10128159672854903,-0.10954884346760703
recent years,0.10152512838225104,-0.033146170927677986
dependent,0.10182503899688032,0.21111948520509444
cluster,0.10298290549670938,0.19454735046880814
cycle,0.10315656385483592,0.09971033043530335
unknown,0.10338530819678764,0.2579778590436528
strains,0.10366761675103621,1.6228206125628089
indices,0.10439510589567734,0.37530874336577075
drive,0.1046287163763798,-0.07654134441557756
mobility,0.1051697546500577,-0.03347249201193241
biological,0.10552640062181042,0.4210164913662147
integrating,0.10567479321537793,-0.254563265814933
advantage,0.10689964060343075,-0.0741085045405138
utilization,0.10739782163923323,-0.020425440092199883
uncertainty,0.1079046673718561,0.025305285472729824
integrity,0.10834656987908652,-0.14238916009515537
comparing,0.10983649451483758,0.14542415282553803
determination,0.11002673835546516,0.29765473780416873
rapidly,0.11018213032074249,-0.04153600247353093
series,0.11025131685000963,0.10453535173042292
profiles,0.11056302996673074,0.36148342879514317
equivalent,0.11114791530197785,0.23341077438421226
human,0.11121928466945119,-0.06267720356772978
utilize,0.1113314526707888,-0.11639431760099683
unit,0.11152328776270759,0.12646185168381593
approximately,0.11246654375417726,0.28821101243287667
powerful,0.11305177391379244,-0.09541425568543037
feasible,0.11310377594594363,0.04161929185753925
component,0.11409671597088017,0.07607055640656435
characteristic,0.11449637950352724,0.2371133942942999
classical,0.1145921560927614,0.057207136152265886
run,0.1146107304769943,-9.264708537662283e-05
evolution,0.11497346546214199,0.03222413441049833
reliability,0.11512010484589233,-0.03353502008441656
microbial,0.11595135651749981,1.0927309426812097
require,0.11612805579337679,-0.036385942148792635
recently,0.11657011458707743,0.09019499010073799
emotion,0.11702871520536216,-0.13450112433015518
distinguishing,0.1174649825320849,0.14860545211375617
immersive,0.11756101963125005,-0.39024627755158725
requirement,0.11757587233806031,-0.046858698082469334
coverage,0.11771230286090126,0.04558229064417143
size,0.11789803120224292,0.2177010016762958
humans,0.11826983010361608,0.09906984210010777
element,0.11847510401976935,0.09505522115989844
step,0.1185094333264878,0.03291252907749729
ranging,0.11920912719123447,0.19212032778235685
big,0.11952811486295684,-0.22530690674559947
genes,0.119877732736571,1.3522863768186546
advancement,0.12121785489624627,-0.2714481875639036
users,0.12130863040248752,-0.24876331415387296
architectural,0.12132075613411265,-0.22073128712828
flexibility,0.1219058668493598,-0.1634951316418707
cues,0.12206669858960933,-0.029812468203855347
random,0.12231791688977595,0.0994201641775507
simple,0.12280800309536356,0.07464890579322668
red,0.12324180245277551,0.4107374535364045
function,0.12342965723547591,0.13616737488818573
code,0.12348959490671205,-0.0915433584557809
privacy,0.12402231577574575,-0.37437381512320766
technologies,0.12411472570783258,-0.3125416325225344
zone,0.12436953383192488,0.40318559508096535
maintaining,0.12444964796167188,-0.07407805254347802
head,0.12458331725467017,0.0694992058192853
natural,0.1250923999546349,0.038696268910509424
supply,0.12557546292083446,-0.036809242720885094
gene,0.12571586247874114,1.1662929127429633
strength,0.1257413113766251,0.28342532535802023
distinguish,0.12599078554837473,0.2115554503804002
effectively,0.1260690989775832,-0.1071233312293886
regions,0.12622513805685695,0.21665743130620027
results obtained,0.12644194290264088,0.18981168321328776
inside,0.1269204266895719,0.05922554234274399
extended,0.1272233650197154,0.12032848719431492
recovery,0.12739057042458368,0.292653381894414
testing,0.1276248315560574,0.0865036060281055
identification,0.12823701343378255,0.13932368332029968
containing,0.12854347583001383,0.4102489946423235
pattern,0.12855722846008455,0.2960671190599891
double,0.12866148488152865,0.33303437940319497
excellent,0.13009965999582282,0.1419943783339162
normal,0.13013522052966991,0.313702596380679
commonly used,0.13070456040467285,0.33126032990719256
inherent,0.13116881388086443,-0.06421560598859749
clusters,0.13122883095867646,0.1660028676097021
release,0.13165860255026673,0.3159190323438301
database,0.13184830813685094,-0.04439979126866256
dynamics,0.13190908188681386,0.09362439191384714
quickly,0.13243872615608235,-0.08158918915335642
interaction,0.13277256409524216,-0.15064383768952674
selection,0.13309665474991603,0.07107890339495082
achieve,0.13328171502833303,-0.0764630617444552
river,0.13356979182661094,0.42658183373345254
space,0.13396375799244098,-0.030002767027037167
constant,0.1342475837204118,0.20580625725019044
visual,0.1346855017023658,-0.08217115774290637
composed,0.1349550933661829,0.15364860673299363
reality vr,0.13503334677451104,-0.30657702233880835
modified,0.1351175123743223,0.2769998631591695
combination,0.13561608280577975,0.15254522001255033
tested,0.13651170720825295,0.2590273456012974
wide range,0.13677188829787681,0.020253761178196678
performing,0.13694700001007,0.02474654119759875
passive,0.13703163329050239,0.05267259848503307
desired,0.1372885726812801,-0.007826292834778809
subsequently,0.13752017726486762,0.11328512231302797
movement,0.13793582694781387,0.0624471301301033
costs,0.1381993336522282,-0.052604480729967096
utilizing,0.13824574335954995,-0.12019195974081248
virtual,0.13829090533003635,-0.27333773559377345
micro,0.1383794519812384,0.09370730369756981
confirm,0.13860040667826393,0.135832196597314
limits,0.1386858500994482,0.1531742689572816
mitigate,0.13873580893732784,-0.0201712951389756
integrated,0.13938155315260092,-0.12536706065054468
frame,0.1399842340738093,-0.018349661365145892
representations,0.140404871821883,-0.10461862539192031
screen,0.14067419795469951,0.00999291426843344
requiring,0.14129807840009553,-0.03721758055068856
characterize,0.14134639007979305,0.3463371141954113
commercial,0.14149493697796892,0.10745877309116833
measured,0.14153066986754245,0.36057742565763884
employs,0.14357373447222452,-0.21069214835455907
tasks,0.14361633427330087,-0.14961181494533654
joint,0.1436429963486448,0.10581913934223057
designs,0.14381351168621095,-0.08053512022005133
resulting,0.14400968628134575,0.11155907088557217
force,0.14452613103234782,0.11126258183458973
typical,0.14461237782484324,0.12895279528451556
requirements,0.14474507208013182,-0.1325856188578091
car,0.14478750784337838,-0.02125381917871948
relative,0.1450744097348474,0.31848908251431696
engineering,0.14553301434114815,-0.11481201788455452
successfully,0.14588529229671907,0.045985570340913676
virtual reality,0.146508056097334,-0.28409692629639793
reduction,0.14708315252900164,0.20283680318030733
logic,0.14787527677870876,-0.1635602570232109
sets,0.1483972812514251,0.03293108675297591
increases,0.149029672560712,0.16590496967009147
constraints,0.14924579235564567,-0.10774925632012398
advances,0.14924652465094473,-0.1490216215694985
validated,0.15022186791144213,0.1215326480624184
buildings,0.15025481102303256,-0.024027812995068055
reduce,0.15071495049309383,0.08303835748622726
laboratory,0.15081041952609836,0.35323277840774264
controls,0.15101741010559117,0.25534993710980347
obtain,0.15107651342000467,0.09581421070007824
chain,0.15122048982467678,0.042504676150473174
limit,0.1519379108304801,0.23687931788922745
application,0.1523426297220235,-0.09512126480869036
friendly,0.1534395099972466,-0.16834221489813683
exhibited,0.1548563969876276,0.555348719019093
greatly,0.15596914306577644,0.042705498195090376
conditions,0.15643005632382181,0.19162925823034796
constructed,0.1571628624857892,0.06484617065441133
demand,0.15747330609827184,-0.08523668530256054
mathematical,0.15785840253081343,0.02137889860918516
weight,0.15797872680657166,0.42823505424424535
augmented reality,0.1583304026178093,-0.4334271997281443
designed,0.15853978092736107,-0.07726885763474185
protocols,0.15976166085554513,-0.017841676277784577
mass,0.1601028214770918,0.38004332103577504
continuous,0.16125433316811524,-0.017135553496935865
modelling,0.16127423041477687,-0.01718137508616407
intensity,0.1614810978188798,0.32808672402273964
task,0.16162922953690212,-0.06987102055110676
skin,0.1625217697764973,0.4366980452734237
length,0.16441444631410898,0.371502272936467
waste,0.1648595647008966,0.15546465934650314
enable,0.16521831349345578,-0.16926977761130874
targets,0.16559191734871515,0.08431321923110899
controlled,0.16586530808804006,0.1932039302675165
allocation,0.16591600481929683,-0.13493136068298842
intelligence,0.16621815453189315,-0.41167296536044157
minimal,0.1665549290993103,0.10668693071965712
solutions,0.16713195925579635,-0.18415404499259433
path,0.16735235763424666,-0.0583235650062164
sensitive,0.16763283952693997,0.2251799424938559
surveillance,0.16809818503364207,0.2497660031014917
derived,0.16814054686498203,0.21681169842817422
minimum,0.16837208529578265,0.3232112787941765
spectrum,0.16887961558060924,0.37060187719094384
coefficient,0.16923177892109612,0.29408264396455713
agent,0.16958586687139668,0.12136875254970457
genetic,0.1697712004238043,0.5192627644257242
modes,0.17035543682462725,0.0413353960936231
stimuli,0.17044469831751866,0.14429640073334812
color,0.17068155791678952,0.15369341238722828
intelligence ai,0.1709896184093133,-0.5100441995845312
time,0.17198244825423128,0.00999706410665454
map,0.17206496464995183,-0.00919510454937255
probability,0.17270528979705463,0.1814845123114755
location,0.17281399730821198,0.05452864996791144
reducing,0.17303765607958674,0.0603056115044657
estimated,0.17361723751497712,0.3701601574386438
distance,0.1743692061874011,0.08273374759753045
diffusion,0.17446381184996507,0.7407383949833245
org,0.1756789432389527,0.03617932235279573
exhibit,0.17618322293705208,0.20873160555847867
plants,0.17708548769995527,0.5722408130558625
physiological,0.17729943653981123,0.2878656148685646
controlling,0.17737779234911075,0.14556698294908393
transportation,0.1780187798027627,-0.05800905677529327
object,0.1795893258140784,-0.081404456939206
eye,0.1806173865634692,0.03994542672912639
platform,0.18068743426348266,-0.24286401397051383
paper describes,0.1808388660808903,-0.1400122414231065
rapid,0.18216516607348773,-0.01486613327113296
hierarchical,0.18220176445376107,-0.01111931296031854
introduced,0.18317662693545558,-0.002683921125717518
challenging,0.18350975335138933,-0.05531808325908547
allows,0.18404637416833877,-0.08793671746691242
rely,0.18421717949912472,-0.10521350676997965
demonstrating,0.18496682456900312,-0.05386647284840588
advantages,0.18502711734598296,-0.11682291781063678
enhanced,0.18533228555125397,-0.05056823082955882
sea,0.1859833219416959,0.3888322886590659
augmented,0.18606432448062624,-0.3782356190985378
allowing,0.18670152205862214,-0.11443055365519027
environments,0.18729744143758068,-0.18168982677906761
driven,0.18741783847504945,-0.19911850575567888
respectively,0.1876680404081819,0.49404224733812885
software,0.18779222554931235,-0.16281706882205765
distributed,0.18897759217516422,-0.04854582015400774
built,0.18933455966600138,-0.08277246694645464
single,0.18986440272283736,0.14396169439667428
comparable,0.19008210097535785,0.2404994427557939
complexity,0.19059902592569547,-0.10249138958149158
smaller,0.19064511715023374,0.2533783707338453
extensive,0.19099921760969416,-0.020600153157265256
protocol,0.19103886655520963,0.05795475745343358
advanced,0.19198699367736244,-0.16597516054646333
experiment,0.19207821503466904,0.13969404520649248
equipment,0.19251026285310657,-0.012274272190962427
artificial intelligence,0.193140459801896,-0.45945366238958374
moving,0.19358016820249238,-0.018969221059701596
simultaneously,0.19479242835392527,0.043467482146327334
generating,0.19482387777931567,-0.069397433364355
calculated,0.1952846188894883,0.4142278649747284
mapping,0.19542194671902663,-0.02405819487180107
mobile,0.19625007184289514,-0.21250974407754467
plant,0.1969156197854202,0.5651438759962403
feed,0.19716985776881638,0.550973717243804
heavy,0.19729346099355854,0.3110521518678027
variations,0.19761430505755753,0.24311516061351107
short term,0.19780476486395374,-0.0026021517457801647
distribution,0.19806721831676743,0.23512979049005545
enhancement,0.19810531044843546,-0.025869387318498138
touch,0.19817286023257877,-0.14994097917791255
feasibility,0.1985598081611084,0.0055332389106609835
display,0.19976855968284626,-0.08701027987838608
physics,0.2000427759733417,0.01623159520420258
reaction,0.20007691426677973,0.47401134961571184
programming,0.20051440462618375,-0.21992565796695343
predicted,0.2005798413598915,0.2941631015370445
threats,0.20065404774713969,-0.2080262042665404
marine,0.20080789053054468,0.4072424783180704
soft,0.20104213042536326,0.09605863573261936
variability,0.20136802785885097,0.3072911804729449
embedded,0.20143750794510168,-0.15492268852786803
locations,0.20161987173505205,0.15189496260170737
achieving,0.20210136616093408,-0.09792225674243688
handling,0.2031066717925392,-0.08251633963947874
multimodal,0.20350382458353622,-0.22655792714758158
pressure,0.20352220334200014,0.26536502125533873
road,0.203643242216089,0.02767610766260365
solve,0.20456812939379926,-0.11186499916372991
flexible,0.20511215305294653,-0.1392351782341118
sizes,0.20769029690819113,0.23473710980923143
scenario,0.20838467907706126,-0.06832251697535224
functionality,0.208832625876472,-0.1930558766394317
generated,0.20928690893478744,0.0036388925578056666
pollution,0.20933988010523674,0.3047535309697473
net,0.21048474873268172,0.097445443342309
estimates,0.21137417672434097,0.3026868613225592
phase,0.2118486286669962,0.21603651517930428
driving,0.21255094229319088,-0.06268114532390688
enhances,0.21271577751261087,-0.2454617697393474
navigation,0.2128228560296556,-0.19158285355148552
parallel,0.21287759296194564,0.06025211663971236
mining,0.21296666830393304,-0.0463419088162181
solid,0.21344348727902587,0.2816552277765968
firstly,0.213684377763117,-0.013769320708485463
strain,0.2140964397595052,0.7865956248282264
errors,0.21461314965462755,0.028522454930312177
applicability,0.2160207633420525,-0.029988853846849912
dry,0.21602826246188875,0.6594302854073313
user experience,0.2162882993495694,-0.37095183729838466
loss,0.21656726188593498,0.1887364552662845
domain,0.21800279741252584,-0.11442261143535919
objects,0.21854710458811777,-0.11971363507582707
damage,0.21902419519938865,0.29185755787456114
suitable,0.22092061198463336,0.05653407176472582
track,0.22112129079548032,-0.04040455675826638
extreme,0.22162769181807077,0.20002039502437619
transport,0.22248058846052546,0.13163318496767573
combining,0.222719644020598,-0.09095750001073755
generation,0.22597301131733089,-0.06446213085809865
generate,0.22598343811032284,-0.055515743926888156
maps,0.22610088125050187,0.024000380632777048
yield,0.22639571944516138,0.40474256562271477
varying,0.22730464686784627,0.15814001810107076
height,0.22742938099506343,0.4642829102366231
operational,0.22814716256478634,-0.171989919320948
channels,0.22982788232774926,-0.03798062408669738
enabled,0.23005994806239916,-0.19620735229250785
connected,0.2317353650849118,-0.113563089383672
security,0.23181675137632518,-0.2764873575065278
movements,0.23191634692960375,0.03757787509538611
manual,0.2320303798738921,-0.0735591552910075
prototypes,0.23344347828067952,-0.04832082501596295
www,0.23349446554170325,-0.044584163033306784
compounds,0.234003602221283,0.8491401599368382
fixed,0.23415208865579784,0.13361353736132783
natural language,0.23462245925713704,-0.34457416982641503
advancements,0.2346347259140841,-0.3484275001797198
corresponding,0.2349556539774679,0.16035554396350837
vision,0.2356560044840035,-0.1860873224778071
systems,0.2360439870918345,-0.13897226918847178
user,0.23620289499962685,-0.28091236054882057
operations,0.2364133070186837,-0.16694912358824676
reliable,0.23682519338107746,0.029321524455271898
organic,0.23741778832004923,0.5670762296084083
earth,0.23836122528620096,0.1855190443333087
retrieval,0.23840592832742413,-0.1693428228634307
dual,0.23911375944992438,0.01903389970255232
modeling,0.2393856485144969,-0.05666326990000878
verification,0.23940687474503342,-0.0933667235543799
cost,0.24035328565736214,-0.01226717913180768
differential,0.24035859362339784,0.2948736002701423
artificial,0.24132301968327136,-0.3397746609548204
mode,0.24253356554670216,0.08568410721527425
sequence,0.24301328409301495,0.23874972809185532
oil,0.24377597382328617,0.39158834923305125
introduce,0.24439805890921196,-0.12285433524532582
positioning,0.2446622021347971,-0.08208958701526621
industrial,0.24815704752580056,-0.0624639854213639
consumption,0.24840423895649774,0.057858660499822315
validation,0.24869190021939427,0.022312338847402587
activation,0.2495726435494856,0.2960275158879561
verified,0.25007711834122864,0.07156215823204744
operators,0.2510574365393748,-0.10818926384176504
concentration,0.2513051229745813,0.7066687091113514
minimize,0.2531255372346766,0.03185582489401076
water,0.25318991818129755,0.45392771088753536
min,0.253451535927466,0.538075589774364
remote,0.2553561539484001,-0.10348695007837551
chemical,0.25542942469760765,0.5651230336356216
sensitivity,0.2555012438519489,0.42276109474402646
transform,0.2588270795541587,-0.09192678731679223
similarity,0.25899036518667057,0.1300818131030147
concentrations,0.25900474348141816,0.870101096780545
stable,0.2591404189789278,0.2635382914395333
manufacturing,0.25919242563464057,-0.11162429613718139
transfer,0.2596197903311069,0.09318082526085048
ground,0.26017707255329847,0.1469372371409369
visualization,0.2627169226037397,-0.21202201591980027
widely used,0.26585973740259317,0.10478153082297244
analytics,0.26606871588205877,-0.44374967959055556
hci,0.2662717842761992,-0.3297761781397315
molecular,0.2678873813499116,0.7321787172432112
detected,0.2693287667957719,0.6466249889965778
processed,0.2699913291345047,0.11343591223881483
extracted,0.2716438099271954,0.16050572336486874
realistic,0.2723050552901733,-0.07772503258388036
capable,0.2728302581932192,-0.03734612167469843
estimate,0.27285525676911315,0.2926254080331245
achieved,0.27309825410813043,0.05174635229383757
performance,0.2737255187476557,-0.023968444130669588
induced,0.27417052177765466,0.4736210699635012
linear,0.274333022427576,0.21415897898574784
validate,0.27529448822131236,-0.00948781002787367
metrics,0.27601977707975534,-0.11421923951951501
monitor,0.27652056786636153,0.006741503437220642
capabilities,0.27747082977847004,-0.24805427643833622
block,0.27787653474123847,0.17684467864138917
execution,0.2795491818506316,-0.17960954594962283
power,0.2823187189297864,0.0027233075603478826
near,0.28302032734145277,0.23983713975095472
properties,0.28370040111741385,0.36440995718186286
memory,0.2850221238756757,-0.06118676583735279
train,0.2854726249917062,-0.0774727808791507
modules,0.2855241257287984,-0.17935794161767282
characterization,0.2856080478477058,0.4775662543562631
composite,0.2872408396189662,0.3344503817727509
automatically,0.2875693781358383,-0.1449458526838825
verify,0.28772032064584985,0.04205675684545307
spatial,0.28792099270238397,0.10697086452320154
separation,0.28811879370923155,0.3061149191830947
emissions,0.2894282558535107,0.15513153800971566
conventional,0.28971933008308204,0.08441939728129046
capture,0.29002362550637756,-0.040835176737272244
dynamic,0.2906856487362233,-0.0844200449171583
motor,0.29129149319669223,0.14243508511695557
operating,0.29156918752031336,0.020490175368581463
promising,0.29177961767751665,0.05834089574333822
optimize,0.29223559478336153,-0.11276245588605038
combines,0.29223774499428584,-0.1890330234079298
large scale,0.2927635185113494,0.0036202039012171766
filter,0.2930594734383068,0.05733463709452023
multi,0.295424834741614,-0.019717602683839354
enabling,0.2963710182878317,-0.2353002421595346
removal,0.29731407625635686,0.4629630875488386
raw,0.29742642460756874,0.2603142372084173
threshold,0.29950969785390397,0.2375258555241367
sequences,0.29984400989186755,0.24299966998557773
reconstruction,0.3002161730936655,0.07335292693411863
trained,0.3007784493613518,-0.029766097120288205
root,0.30182212405256803,0.3185681546700388
paper present,0.3031666329531007,-0.18622817620062992
calculation,0.3034088135168591,0.1745259347138
matching,0.30470445845023586,-0.0030278853354563377
predict,0.3057292015084357,0.13252782165800076
stability,0.3059424459178915,0.2242830466558674
boundary,0.3062122935694395,0.2128937127645792
adaptive,0.30721053823678,-0.18989217218329607
monitoring,0.3074099075173162,0.007928143465234214
efficiently,0.30955600739456146,-0.11834206249821404
cell,0.3101096616244292,0.5240628626008216
optimal,0.31443077751804155,0.0959797245992722
optimizing,0.3152062149876573,-0.12307388423232112
intuitive,0.3152800012249922,-0.30657855404708545
maximum,0.31529331679298034,0.3690055879061215
computer,0.3171509410928237,-0.19016197218330796
conversion,0.31782092139699714,0.2158808839708807
enables,0.3185037396466521,-0.18395608216054896
zero,0.3188240718723522,0.10900584662061874
vertical,0.32108223230765137,0.30170142395003774
connectivity,0.32113152294400654,-0.17238120932800371
leveraging,0.32333280160032246,-0.3353158266573926
faster,0.32343168129879607,0.003058041770497297
image,0.3251800502535885,-0.03639485610102455
input,0.32593085750147377,-0.0465411838485807
engine,0.3263913030004794,-0.1076595341718692
matrix,0.32705978089414506,0.20237197039859817
secure,0.32718132008416007,-0.33233006184975106
schemes,0.3272433300373965,-0.05402090552460008
efficiency,0.3281575462151104,-0.11061984169573233
fine,0.3283532437409691,0.056964230738318446
internet,0.3285742277568167,-0.3383602970651211
calculations,0.32866675811946516,0.2591459185342835
air,0.3287668389568113,0.2386863903335472
real,0.33171152422110556,-0.1883407090087033
improves,0.3328889766349531,-0.10655615521955371
fuzzy,0.3334583354138023,-0.09669723184598658
coupled,0.3336059746336516,0.20141822462573886
fast,0.33443398842663086,0.01732511619747674
cells,0.335211429672656,0.6584993510784497
heterogeneous,0.3352886615258047,-0.04636319526822129
introduces,0.33676266705702657,-0.21555014501652753
ubiquitous,0.33701000011392557,-0.2532395473027335
carbon,0.3374622262699215,0.34637127586612604
facial,0.33793136230803095,-0.10942494107617089
predictive,0.33900648127616473,-0.06403018315824717
robust,0.3394096982823027,-0.0805648822523182
fluid,0.34046047244591676,0.38061793617139134
array,0.34100481892653606,0.1013980078505431
flow,0.3410156710837126,0.21447926427892652
autonomous,0.3448021570533283,-0.21194315752194756
predicting,0.34522552587967137,0.12460465749943968
recognition,0.34561581374607364,-0.15009493880091554
integrates,0.34627289575635295,-0.26374742563180653
capability,0.34685165398623585,-0.0632983125646112
precise,0.34899971818881614,0.03338468510114779
processing,0.349116402606443,-0.10521763141251204
brain,0.3491637413550412,0.14773929484885917
output,0.35023285656652176,-0.000880509653167358
operation,0.35045457276818803,-0.011333917132514049
tree,0.35117514712786857,0.15886077329916826
superior,0.3516305832280637,0.09168944349810881
prototype,0.35253380237432286,-0.02930296794316722
degradation,0.35301951169452384,0.3595962638428764
density,0.35373225028014293,0.3614833918865786
blockchain,0.3539199383235154,-0.5121343999589897
scenarios,0.3539777099495905,-0.12317582897233993
transmission,0.35484503379288357,0.10372149983772268
images,0.3572058749949119,0.013980830287488038
http,0.3573048741092615,0.025721733483746845
clustering,0.35876589099897066,0.06733838364317324
interfaces,0.35959459899006835,-0.2604297580463436
accurate,0.35963667730333565,0.03780429024916783
applications,0.3617754611912785,-0.14569676410120275
curve,0.36200487862540376,0.2986730369133523
static,0.3633607045626613,0.006348892127556461
tracking,0.3638072628448281,-0.11649007149219667
efficient,0.36419915377279866,-0.10194616806235292
wave,0.3658032244292005,0.257551945160257
measurements,0.36711792151815736,0.3377449910301397
gas,0.3677253682891016,0.33877476673644036
temporal,0.36797731072558726,0.1507743764214734
peak,0.3680173417824113,0.3781129924474944
mechanical,0.3706452205398661,0.2537536642642591
automated,0.3713452726358281,-0.1701576702393345
equations,0.37289289851256113,0.29522121993720407
user interface,0.37659563455052447,-0.2826024978093384
automation,0.3767949837859514,-0.37137574529565776
storage,0.37697087515832267,0.042000084161553104
interface,0.3771301157384585,-0.20993451538676663
load,0.3781021932343529,0.10860832834136415
forest,0.3815855290637877,0.16029820983279855
resolution,0.3858151223279242,0.1955197244700311
reduces,0.38622961829408786,-0.015199272103449858
acoustic,0.3871359569260974,0.15760296831956758
dimensional,0.38917004231354624,0.07231701184523356
heat,0.3907995430891724,0.3898285326875089
radiation,0.3930245182647852,0.4066397968353856
surface,0.3931257844484363,0.4094821166013163
device,0.39372970843246696,-0.07688690419650099
imaging,0.39383993284181606,0.27594788654542707
graphical,0.39575017448461625,-0.16916528616845028
classify,0.39705989527236313,9.805885275382696e-05
haptic,0.39751735959332923,-0.13843534321079728
synthetic,0.3985237100817231,0.18157745424106161
hybrid,0.39928971926489487,-0.10415683328161111
accurately,0.40188219028775346,0.053875754447937525
classification,0.4027722493200715,0.008714130307570643
surfaces,0.4030683440225387,0.3556210548368832
deployment,0.40307778277018236,-0.2650182624188193
low cost,0.4075104592908599,-0.013737703450733928
robots,0.40761963804104695,-0.22915960310054584
architecture,0.4087000673359326,-0.2621832475957758
speed,0.4088057312428175,0.044339878155018546
vehicle,0.4089151434528254,-0.03715843168654276
smart,0.4104361811371837,-0.32962413152435643
delay,0.4117682580926348,0.025963662350622037
predictions,0.4120660783497304,0.12335964574860889
traffic,0.4124321072835292,-0.09382253408585955
configuration,0.4158595879640821,0.0430099229677213
geometry,0.4172277365969372,0.1672985816657335
automatic,0.4189865485625449,-0.09960469921805365
devices,0.4197004017038459,-0.20333985642365016
energy,0.42043504028943984,0.09604961011872634
scheme,0.4214559195966277,-0.017262867015812255
module,0.42314745118037594,-0.14311656638663417
extract,0.42448808576262387,0.17461040059690688
simulated,0.4268347554921359,0.1362785641225991
speech recognition,0.42933259177094785,-0.1880457614948978
wind,0.429671190239971,0.25528589824563724
layers,0.43138916351333356,0.07713751626180584
gestures,0.4333155945213081,-0.2504654439785687
simulations,0.43485076243506404,0.09858851840300775
spatiotemporal,0.43493010157377054,0.2885238023221759
error,0.43507175868984027,0.07009924083563737
network,0.4380005549960843,-0.12548804393450558
motion,0.43944486074244643,0.0655670292159297
numerical,0.4427206629768846,0.22335090786553624
experiments,0.4427601596591781,0.08410988524314514
networks,0.4434329039667778,-0.18261174195673166
detect,0.4447838222625779,0.12332052582658588
angle,0.4481169795423761,0.3046244419786669
vehicles,0.449034985581104,-0.08384337497995367
feature,0.4490878805466486,-0.052488475400812425
estimation,0.45019553121830014,0.15566136446578455
electrical,0.45085034874326635,0.1670042882708555
simulation,0.4583050522376142,0.011744926351281349
channel,0.45898028538374713,0.03723905440732928
electric,0.4623209366089127,0.0807290504129247
scalable,0.4633193717812997,-0.30537837246048627
solar,0.4647096644910063,0.18881471735717978
things,0.46508350837137286,-0.3525747054347201
quantum,0.4664283288026091,0.13108922403446538
satellite,0.4672926594347253,0.1936519711164386
robot,0.47041632703836755,-0.18314582794009573
intelligent,0.4743237578015154,-0.3498140847884908
computational,0.47725137451095456,-0.08403840533386642
graph,0.4787490942932655,-0.10530099952440869
human computer,0.4799129724201707,-0.3411998839558288
computing,0.4806331668696081,-0.34252040616992613
wearable,0.4813746828739626,-0.09995469091757635
computer interaction,0.48400585423403425,-0.3462214163618912
deep,0.48542443034963,-0.1100212981863476
prediction,0.49352598018279753,0.06777016720709632
grid,0.4947053525852197,0.026175807953082476
cloud,0.4947483174965375,-0.32047487497829374
math,0.49677904182866156,0.008495033465959022
machine,0.4981473133289787,-0.1767088747208464
edge,0.4985001156373087,-0.20340975474379233
detecting,0.5000482082458695,0.04198395991528605
optimization,0.502444881573645,-0.07897433999682947
extraction,0.502764814007865,0.0697914577307857
accuracy,0.5053113440949762,-0.03820416612386282
http www,0.5058533439975427,0.028910540504455514
server,0.5066517174722353,-0.3015660706419458
segmentation,0.5089341267139501,-0.05202426180300676
precision,0.5116077450266303,-0.0014869182430442924
camera,0.513712012490565,-0.08640490254935705
results demonstrate,0.5164409054701191,-0.056613862601440294
attacks,0.5175783200197238,-0.2366337432240513
hardware,0.5266162784702639,-0.2655399032473399
layer,0.5269353446368713,0.12078002979438829
real time,0.535295464619158,-0.26033813656346044
machine learning,0.5355116307841699,-0.21067133852410033
detection,0.5359180519741698,0.05450476241530515
optimized,0.5374065015229403,0.06870260999485232
algorithms,0.5389960921899793,-0.15447904500997042
gesture,0.556860283362867,-0.2680761331995654
robustness,0.5644047487299597,-0.04127671620188166
noise,0.5707935760481848,0.10210320022587281
vector,0.5811204698540751,0.06631992276952264
algorithm,0.5840243185068851,-0.03840472089919546
signals,0.5866502332256184,0.0501388559740595
signal,0.5905943660215722,0.0940175140716443
sensing,0.5913452928827397,0.02866551378660824
fusion,0.6093971196029258,-0.08968652574608778
controller,0.6140562698661339,-0.10512734355685442
nodes,0.6258970044246132,-0.15693654691391504
sensors,0.6292038087763661,-0.13384836227057803
eeg,0.6475214941797556,0.05262520116706486
iot,0.6606219398491721,-0.3935042876197983
sensor,0.6682246240436001,-0.08999381696885214
wireless,0.6824150451315745,-0.256656995273784
latency,0.6884320375535641,-0.30233871127157574
internet things,0.6885747299897123,-0.4398020190661891
neural,0.6996792390554837,-0.09016766587451076
deep learning,0.7025470642590829,-0.21994189381773271
bci,0.7057424271946683,0.026902750610020593
things iot,0.7151989314949992,-0.45203473690489504
www org,0.7369261239484441,0.04278860508845434
xmlns,0.7396838135392453,0.043705038356870916
neural networks,0.7654161690426814,-0.18358267758899355
neural network,0.8013898899847138,-0.09785356399298943
cnn,0.8523537053110951,-0.16169940012951023
convolutional,0.8786216139473939,-0.15743449077627183
